date,user_id,y,leak_te,num1,noise1
2024-01-01 00:00:00,1,1,0.48181818181818176,-0.8720486388326641,-1.129307690449805
2024-01-01 01:00:00,68,1,0.47222222222222215,-0.14991845463246248,-0.6428929870594536
2024-01-01 02:00:00,59,1,0.62,-0.3663001311167909,1.1946994850582215
2024-01-01 03:00:00,5,0,0.5428571428571428,-0.9524959149716716,1.2353456841093076
2024-01-01 04:00:00,90,0,0.19,0.06437996119149338,-0.4809344222543422
2024-01-01 05:00:00,22,1,0.525,0.4962546674743846,0.22958101464648406
2024-01-01 06:00:00,25,1,0.525,1.007594556842281,-0.09912338317140491
2024-01-01 07:00:00,18,1,0.525,-0.9097956946865592,-1.2467258141034618
2024-01-01 08:00:00,33,0,0.5066666666666666,-0.27839609548896943,0.09042777453356124
2024-01-01 09:00:00,17,0,0.285,-1.3278708619501398,0.37065783828201754
2024-01-01 10:00:00,34,1,1.0,1.2379982025632696,-1.0632675690470195
2024-01-01 11:00:00,81,1,0.4571428571428571,1.2188795395365746,0.2391157706095435
2024-01-01 12:00:00,45,1,0.5681818181818181,-0.38426838257585194,1.1330500123726486
2024-01-01 13:00:00,92,0,0.6333333333333333,1.5053816704997443,-1.7121058422269184
2024-01-01 14:00:00,44,1,0.48846153846153845,-0.5865927484751032,0.1932877429203129
2024-01-01 15:00:00,27,0,0.36538461538461536,-0.6915595297001392,0.7898007243572911
2024-01-01 16:00:00,78,1,0.36666666666666664,-0.606305828512905,1.0319814395777285
2024-01-01 17:00:00,81,0,0.4071428571428571,-0.038830796653574716,-1.1110270547282617
2024-01-01 18:00:00,86,1,0.62,0.2727493321484953,-0.3863942093734174
2024-01-01 19:00:00,88,1,0.5681818181818181,-0.3514071490708674,0.04081453171251576
2024-01-01 20:00:00,2,0,0.5277777777777778,0.5221282988975396,1.0612690943171197
2024-01-01 21:00:00,51,0,0.59375,0.48076206143076383,1.9697997908241631
2024-01-01 22:00:00,26,1,0.4194444444444444,1.5694430545300315,0.22968751269249785
2024-01-01 23:00:00,24,1,0.6545454545454545,-0.6917869930566971,1.2870695428060697
2024-01-02 00:00:00,24,0,0.6045454545454545,0.9171199815384387,-0.17324285307458587
2024-01-02 01:00:00,82,0,0.19,-0.014132642432570426,-0.34978272287496887
2024-01-02 02:00:00,79,0,0.7124999999999999,0.8335513361132012,1.086712752182847
2024-01-02 03:00:00,21,1,0.48181818181818176,0.6309441641739494,1.6399534347386693
2024-01-02 04:00:00,40,0,0.7464285714285713,-1.990908656313727,1.885516889593591
2024-01-02 05:00:00,74,0,0.15833333333333333,0.49503945717783665,-0.7149609874130475
2024-01-02 06:00:00,14,0,0.43846153846153846,-1.2896877954894772,-1.0010888316355955
2024-01-02 07:00:00,62,1,0.6607142857142858,0.7080190359442311,1.675991994169099
2024-01-02 08:00:00,43,0,0.6045454545454545,0.44466882719437845,-2.1214460285662455
2024-01-02 09:00:00,92,1,0.6833333333333333,-0.0806448537851459,-0.20922459663008913
2024-01-02 10:00:00,73,0,0.475,0.7775164903035593,-0.6182796246834463
2024-01-02 11:00:00,23,1,0.6833333333333333,0.5898079504357497,1.4104774740951456
2024-01-02 12:00:00,83,1,0.7888888888888889,1.3175178896692623,0.1403589931752177
2024-01-02 13:00:00,79,1,0.7625,-1.190403925244694,0.5398858696185539
2024-01-02 14:00:00,21,0,0.43181818181818177,0.8849980296117091,0.18163911238026195
2024-01-02 15:00:00,51,0,0.59375,-0.5432445764154542,-0.25449191120323367
2024-01-02 16:00:00,79,1,0.7625,0.10001992338778669,0.5871118531598549
2024-01-02 17:00:00,23,0,0.6333333333333333,-0.20282940009180392,-0.9369841189429324
2024-01-02 18:00:00,24,1,0.6545454545454545,-0.021412979322322293,-1.041162154507396
2024-01-02 19:00:00,16,0,0.21923076923076923,0.5114152848850714,-0.4306146997524102
2024-01-02 20:00:00,0,1,0.4411764705882352,-0.1101965117404352,-0.19399631525045294
2024-01-02 21:00:00,49,0,0.7124999999999999,-1.2855287411764966,-0.7289040471218
2024-01-02 22:00:00,1,1,0.48181818181818176,2.147985415578651,0.11178769780239309
2024-01-02 23:00:00,58,0,0.38,0.21328717458563914,2.2134609731470873
2024-01-03 00:00:00,41,0,0.38,-0.14750823069847985,-0.26992932873296654
2024-01-03 01:00:00,18,1,0.525,1.0809973575938745,0.9044900510827135
2024-01-03 02:00:00,36,1,0.6545454545454545,-0.22913614113057446,-0.30209271146430755
2024-01-03 03:00:00,1,0,0.43181818181818177,-0.47031560202771544,1.170744806182237
2024-01-03 04:00:00,14,0,0.43846153846153846,1.8475317442333088,-1.1501624752700548
2024-01-03 05:00:00,47,0,0.31666666666666665,-0.20921984819349282,0.9018142739864692
2024-01-03 06:00:00,7,1,0.36666666666666664,1.7668485177054614,0.3554831238800973
2024-01-03 07:00:00,72,1,0.740909090909091,2.32462732381359,0.41504742577810483
2024-01-03 08:00:00,25,0,0.475,-1.184835126765416,-1.2633093037509249
2024-01-03 09:00:00,91,0,0.42222222222222217,-1.459672178959035,-0.4642417272634356
2024-01-03 10:00:00,16,0,0.21923076923076923,0.013469014005521198,1.3643586011127329
2024-01-03 11:00:00,62,0,0.6107142857142858,1.1890646243954746,-1.5292183823230867
2024-01-03 12:00:00,51,0,0.59375,-0.6356288939482193,-0.40746115872131494
2024-01-03 13:00:00,91,1,0.47222222222222215,-0.4746497316580638,0.4558356793669678
2024-01-03 14:00:00,61,0,0.19,-1.3479129112985582,1.9669576425553545
2024-01-03 15:00:00,86,1,0.62,1.3513573985688616,1.2086937739819437
2024-01-03 16:00:00,46,0,0.6,-0.7529483034441415,1.3714858169077782
2024-01-03 17:00:00,21,0,0.43181818181818177,-0.890917242220516,-0.4670615013036851
2024-01-03 18:00:00,18,1,0.525,0.983950422804146,0.19127737443546064
2024-01-03 19:00:00,86,0,0.57,0.7766003609880466,-0.7449587999124252
2024-01-03 20:00:00,20,0,0.43846153846153846,0.18276856789414797,-0.3093587826779222
2024-01-03 21:00:00,73,1,0.525,-0.9855437438794791,0.10978415591268867
2024-01-03 22:00:00,52,1,0.4458333333333333,-0.2746477495654376,-0.7599758092537459
2024-01-03 23:00:00,27,0,0.36538461538461536,-0.5883977050859929,1.3158047005705968
2024-01-04 00:00:00,41,0,0.38,-0.21605149679277627,0.041471041977794526
2024-01-04 01:00:00,79,1,0.7625,1.190609398661939,-0.3691110854850069
2024-01-04 02:00:00,45,1,0.5681818181818181,0.5233696984532888,-0.885705703400347
2024-01-04 03:00:00,86,1,0.62,-1.210139560232094,1.2528595097667163
2024-01-04 04:00:00,94,1,0.64375,-1.4148045394031197,0.6487797386766557
2024-01-04 05:00:00,29,1,0.4458333333333333,0.3766385241693453,-0.299531031838879
2024-01-04 06:00:00,52,0,0.3958333333333333,0.5908617480831869,-1.2149553036191312
2024-01-04 07:00:00,52,0,0.3958333333333333,-0.6477094817636024,0.7851016930569178
2024-01-04 08:00:00,54,1,0.5777777777777778,-0.9632252380975275,-0.17154161541885277
2024-01-04 09:00:00,7,0,0.31666666666666665,-1.6298187356740137,0.9406722922470423
2024-01-04 10:00:00,36,0,0.6045454545454545,0.7999843788335962,0.004118741078873938
2024-01-04 11:00:00,58,0,0.38,0.563448762583765,1.4052487108266123
2024-01-04 12:00:00,91,0,0.42222222222222217,0.501596452408629,-0.06546874087500926
2024-01-04 13:00:00,23,1,0.6833333333333333,0.609797537319795,1.5739957173668218
2024-01-04 14:00:00,64,1,0.525,-0.45490339204778346,0.7896510166722152
2024-01-04 15:00:00,76,1,0.39545454545454545,0.1314631160373509,-1.3556430375236759
2024-01-04 16:00:00,92,1,0.6833333333333333,-0.5104505873723154,-0.3055892768878837
2024-01-04 17:00:00,17,1,0.33499999999999996,-0.46357631937202326,1.54623010056386
2024-01-04 18:00:00,67,1,0.7285714285714286,-2.145222746511388,0.2687281202511201
2024-01-04 19:00:00,31,1,0.6833333333333333,-0.07717732905889242,-0.5336493800936146
2024-01-04 20:00:00,44,0,0.43846153846153846,0.49365502841361864,0.08359415539880184
2024-01-04 21:00:00,1,1,0.48181818181818176,0.7861899435733068,1.1447794789519228
2024-01-04 22:00:00,72,0,0.6909090909090909,-1.038762115980756,0.37216205752073606
2024-01-04 23:00:00,3,0,0.42222222222222217,1.6341776077955665,-0.19470337226193948
2024-01-05 00:00:00,37,1,0.5566666666666666,1.325777253748026,-1.695226967660514
2024-01-05 01:00:00,49,1,0.7625,-0.7537366053284428,1.6756936065774626
2024-01-05 02:00:00,66,1,1.0,-0.6418536724624825,-0.9298992260040951
2024-01-05 03:00:00,46,1,0.65,0.7890614302884981,1.056590914140502
2024-01-05 04:00:00,83,1,0.7888888888888889,-0.06261487245994347,-1.5518507067653555
2024-01-05 05:00:00,12,1,0.36666666666666664,-0.47240915231892827,-0.5558747784805602
2024-01-05 06:00:00,26,1,0.4194444444444444,-0.5587434528563127,-0.8692510218008466
2024-01-05 07:00:00,25,0,0.475,-0.221131756292191,0.8531474838067373
2024-01-05 08:00:00,37,1,0.5566666666666666,1.2607178487004576,-0.5808204150444121
2024-01-05 09:00:00,0,0,0.39117647058823524,-0.4318953965048589,0.5653671253477075
2024-01-05 10:00:00,42,1,0.6607142857142858,-0.09853290852000719,1.741154543767276
2024-01-05 11:00:00,38,0,0.475,1.0111888612595943,0.12300387562790657
2024-01-05 12:00:00,58,0,0.38,1.4540442066777812,-0.8904169083698679
2024-01-05 13:00:00,57,1,0.7625,-0.2592682211384078,-0.31652666353986286
2024-01-05 14:00:00,28,0,0.6785714285714286,-0.5827996411311009,-1.0082484098570939
2024-01-05 15:00:00,42,1,0.6607142857142858,0.3321125318825125,0.8380269239807412
2024-01-05 16:00:00,50,0,0.6649999999999999,0.6609878450884087,0.6963204933722316
2024-01-05 17:00:00,83,0,0.7388888888888888,-0.8852454490745133,0.30287859015901386
2024-01-05 18:00:00,7,0,0.31666666666666665,2.549486617046571,-1.06078479054414
2024-01-05 19:00:00,61,0,0.19,-0.5874865423505603,-2.1983406717162253
2024-01-05 20:00:00,8,1,0.6833333333333333,0.930928117294632,-0.35744970045555574
2024-01-05 21:00:00,26,0,0.3694444444444444,-0.7077337221303754,-0.32931889729787567
2024-01-05 22:00:00,44,1,0.48846153846153845,0.9291381944501315,-0.9795446182833869
2024-01-05 23:00:00,81,1,0.4571428571428571,2.0004623751717987,-0.8982173703643005
2024-01-06 00:00:00,33,0,0.5066666666666666,-0.39561911579590536,-0.3792374710429711
2024-01-06 01:00:00,49,1,0.7625,-1.70360000894115,0.7842468589223108
2024-01-06 02:00:00,57,1,0.7625,0.5915346584023803,-2.0922239584422986
2024-01-06 03:00:00,75,0,0.5541666666666667,0.0867894712974955,-0.49911158222339963
2024-01-06 04:00:00,39,1,0.7625,-1.6156565308141875,0.8980232456460138
2024-01-06 05:00:00,56,0,0.475,1.7361979300063646,-2.18040642070143
2024-01-06 06:00:00,83,1,0.7888888888888889,-0.43959263490136863,-0.1614021537514237
2024-01-06 07:00:00,43,1,0.6545454545454545,-1.1878052039551894,0.0312794656748953
2024-01-06 08:00:00,93,0,0.475,1.8450294342085791,0.10321867539239017
2024-01-06 09:00:00,39,1,0.7625,0.261548301483565,1.817117562092815
2024-01-06 10:00:00,43,0,0.6045454545454545,0.5325337680391328,-0.028008399675072456
2024-01-06 11:00:00,2,1,0.5777777777777778,0.5167092233401797,-0.6903868723527651
2024-01-06 12:00:00,53,0,0.4071428571428571,2.142799628007093,-0.4500197666462911
2024-01-06 13:00:00,46,1,0.65,0.20341363619064434,0.04002537735277825
2024-01-06 14:00:00,41,1,0.43,-1.0816192200385686,-0.918417402196878
2024-01-06 15:00:00,62,1,0.6607142857142858,-2.6847613589017327,-1.545098234413913
2024-01-06 16:00:00,54,0,0.5277777777777778,-0.5183606424331415,-0.8079249955809494
2024-01-06 17:00:00,94,1,0.64375,1.603156614786318,-0.2861122382917793
2024-01-06 18:00:00,40,1,0.7964285714285714,-0.6502536724301808,1.6533517786310787
2024-01-06 19:00:00,43,1,0.6545454545454545,-0.5872036364152042,-0.6390965971541446
2024-01-06 20:00:00,81,1,0.4571428571428571,1.4853495504998435,-0.6059693612314192
2024-01-06 21:00:00,48,1,0.36666666666666664,0.5713605704219987,-1.3813791759650729
2024-01-06 22:00:00,25,0,0.475,-0.5200906071439402,1.3400688636240567
2024-01-06 23:00:00,51,1,0.64375,0.3546875155726393,0.3679976024191614
2024-01-07 00:00:00,50,0,0.6649999999999999,0.05270302392937683,0.8055035627581406
2024-01-07 01:00:00,40,1,0.7964285714285714,0.4991973582291571,0.46991571347074923
2024-01-07 02:00:00,53,0,0.4071428571428571,0.10917304548635798,-0.71216451184042
2024-01-07 03:00:00,57,1,0.7625,0.27930128301879825,0.20769239564293343
2024-01-07 04:00:00,97,0,0.31666666666666665,-1.1909723776999996,-0.9884219289384245
2024-01-07 05:00:00,7,0,0.31666666666666665,0.8171355258115692,0.47351687877372817
2024-01-07 06:00:00,91,1,0.47222222222222215,0.5467253868970066,1.1980134538166909
2024-01-07 07:00:00,48,0,0.31666666666666665,0.6328073181160944,2.584233679399965
2024-01-07 08:00:00,37,1,0.5566666666666666,0.6574327706049559,-0.8854129614701284
2024-01-07 09:00:00,61,0,0.19,-0.016678063770015537,1.234861559947736
2024-01-07 10:00:00,11,1,0.62,-0.27914330915524876,0.8786007534223577
2024-01-07 11:00:00,74,0,0.15833333333333333,-3.148944602877054,-1.1636407523818262
2024-01-07 12:00:00,9,1,0.6607142857142858,0.15021861012224694,0.24437037512974402
2024-01-07 13:00:00,42,0,0.6107142857142858,-2.9599576431961734,1.3630435563676195
2024-01-07 14:00:00,20,1,0.48846153846153845,0.37644354676889097,-0.628373106253849
2024-01-07 15:00:00,30,1,0.6833333333333333,0.7249928392882868,0.44154283777033954
2024-01-07 16:00:00,47,1,0.36666666666666664,0.6835581195027362,-0.15834590121955744
2024-01-07 17:00:00,0,1,0.4411764705882352,-0.18404752905521995,0.35321065891114656
2024-01-07 18:00:00,88,0,0.5181818181818181,0.8627728640184218,-0.7280303811904436
2024-01-07 19:00:00,75,0,0.5541666666666667,1.3696343955404062,0.09184274688429711
2024-01-07 20:00:00,95,1,0.62,-0.24214969554743368,0.4810418701124291
2024-01-07 21:00:00,7,0,0.31666666666666665,-0.10273173941936191,-0.5393223730512999
2024-01-07 22:00:00,17,0,0.285,1.2810264237957578,-0.825268518111454
2024-01-07 23:00:00,48,1,0.36666666666666664,0.2038292735901123,-0.06472650838300835
2024-01-08 00:00:00,85,0,0.2375,2.381434909936927,-0.5011061950530017
2024-01-08 01:00:00,30,1,0.6833333333333333,-0.2422794385074499,0.03648143121740445
2024-01-08 02:00:00,29,0,0.3958333333333333,0.3631456618912073,-0.7556768424654631
2024-01-08 03:00:00,84,1,0.7625,-0.8617797036551877,0.8964158781569785
2024-01-08 04:00:00,0,1,0.4411764705882352,0.2975562456476263,0.27133547829926263
2024-01-08 05:00:00,95,1,0.62,-0.46470988941727387,-1.4094019307469796
2024-01-08 06:00:00,18,0,0.475,-1.6165053031210257,1.4565348929609567
2024-01-08 07:00:00,31,1,0.6833333333333333,-1.9139592132195182,-0.8322336710693631
2024-01-08 08:00:00,32,0,0.2375,0.3845481888326459,-0.33793200409560964
2024-01-08 09:00:00,89,1,0.6041666666666667,-0.8306494524534238,1.1507648407067836
2024-01-08 10:00:00,82,0,0.19,-0.10916485669926528,-0.7938040234072671
2024-01-08 11:00:00,33,1,0.5566666666666666,-0.06923341364048755,2.061649682512918
2024-01-08 12:00:00,34,1,1.0,-0.4358880745572023,-2.3264536535988523
2024-01-08 13:00:00,81,0,0.4071428571428571,1.6915266263282682,-2.8886541201914326
2024-01-08 14:00:00,28,1,0.7285714285714286,-0.22943103023315145,0.22367414541480346
2024-01-08 15:00:00,79,1,0.7625,-0.5850162329917654,-1.435561137430883
2024-01-08 16:00:00,81,0,0.4071428571428571,-0.9909935627658627,0.08112974475025139
2024-01-08 17:00:00,65,0,0.5428571428571428,0.8397698529372748,-0.8426197969229673
2024-01-08 18:00:00,74,0,0.15833333333333333,-0.4181573039854164,-0.300891422113882
2024-01-08 19:00:00,22,0,0.475,1.2306106438113418,0.2892591007683865
2024-01-08 20:00:00,56,0,0.475,0.5295273279799719,0.09972398089644381
2024-01-08 21:00:00,13,0,0.475,-0.47959195813572175,-0.2535989234406218
2024-01-08 22:00:00,5,1,0.5928571428571429,0.43973948023291276,-0.4748480751184606
2024-01-08 23:00:00,42,0,0.6107142857142858,0.5475885165721817,-0.21293332659368597
2024-01-09 00:00:00,29,1,0.4458333333333333,-0.828330326127065,-0.684745883392413
2024-01-09 01:00:00,15,1,0.5777777777777778,0.24669826388430846,1.1794237302513089
2024-01-09 02:00:00,52,0,0.3958333333333333,0.3599597126374335,-1.064162329050568
2024-01-09 03:00:00,87,0,0.5428571428571428,0.08964801364819354,0.275027061120636
2024-01-09 04:00:00,24,1,0.6545454545454545,0.6213466544874983,0.3320383722009639
2024-01-09 05:00:00,17,0,0.285,-0.13051713768338657,-1.7766747974813446
2024-01-09 06:00:00,86,0,0.57,1.594571022140866,0.31899168404834827
2024-01-09 07:00:00,3,0,0.42222222222222217,2.559495938464298,1.134006819901236
2024-01-09 08:00:00,58,1,0.43,-0.39033807493570394,-0.21973868209586978
2024-01-09 09:00:00,55,0,0.6785714285714286,-1.8957031278773715,0.6744573622360122
2024-01-09 10:00:00,46,1,0.65,0.39927573414933887,-0.06647740450072652
2024-01-09 11:00:00,42,1,0.6607142857142858,0.47256060040605474,0.161290796402409
2024-01-09 12:00:00,2,0,0.5277777777777778,0.1746256691088831,0.854780091204408
2024-01-09 13:00:00,85,1,0.2875,-1.2362463509934947,-0.16658333237229986
2024-01-09 14:00:00,6,0,0.6333333333333333,0.39241712957650415,0.565602997684115
2024-01-09 15:00:00,16,0,0.21923076923076923,0.875606845600971,-1.552034540771182
2024-01-09 16:00:00,88,1,0.5681818181818181,-0.8034197608390511,0.10033846754038121
2024-01-09 17:00:00,36,1,0.6545454545454545,1.8586033960031128,-1.7724627181936323
2024-01-09 18:00:00,45,0,0.5181818181818181,-0.8087310255329895,-0.4158523857523184
2024-01-09 19:00:00,64,0,0.475,0.8071931392447306,-0.6833295752820653
2024-01-09 20:00:00,56,0,0.475,-0.11288405200961674,0.4141146434708084
2024-01-09 21:00:00,93,0,0.475,-1.4257416615168472,-0.4226575005467476
2024-01-09 22:00:00,93,1,0.525,0.03222022101633331,1.8595549423648123
2024-01-09 23:00:00,26,1,0.4194444444444444,-0.08296666707068955,-0.39320431926221106
2024-01-10 00:00:00,76,0,0.34545454545454546,2.6936979798589005,-1.0606248125059838
2024-01-10 01:00:00,68,0,0.42222222222222217,1.1277528685100986,-2.085277113185727
2024-01-10 02:00:00,24,1,0.6545454545454545,1.95244029543178,-0.025257979442977037
2024-01-10 03:00:00,14,0,0.43846153846153846,1.547963014667229,-0.3351681369925308
2024-01-10 04:00:00,81,0,0.4071428571428571,0.09321272641107313,0.7697543912924357
2024-01-10 05:00:00,74,0,0.15833333333333333,-0.5705746996610535,0.8735087310831501
2024-01-10 06:00:00,37,1,0.5566666666666666,1.8585732780423485,0.7692921011818341
2024-01-10 07:00:00,29,0,0.3958333333333333,-1.0578597414976745,-0.9212147417572294
2024-01-10 08:00:00,68,1,0.47222222222222215,0.08983759065108003,-1.2431571158930752
2024-01-10 09:00:00,24,0,0.6045454545454545,-0.5423407914304259,-0.42349501954062335
2024-01-10 10:00:00,46,1,0.65,0.7556525800253339,-0.9098534868474963
2024-01-10 11:00:00,22,0,0.475,2.044085009043864,0.1340050939087656
2024-01-10 12:00:00,61,0,0.19,-0.16054004033391558,-0.29995137472298083
2024-01-10 13:00:00,37,0,0.5066666666666666,-0.986996407896167,0.7138710213108397
2024-01-10 14:00:00,66,1,1.0,1.0965388351634404,-0.526185961416364
2024-01-10 15:00:00,32,0,0.2375,-1.5301027823860531,-1.8529131041442848
2024-01-10 16:00:00,62,1,0.6607142857142858,0.3969521129917183,0.685057433882103
2024-01-10 17:00:00,61,0,0.19,-0.5581311936549193,2.5728064390299643
2024-01-10 18:00:00,45,1,0.5681818181818181,0.5648331704029067,0.6383220385279795
2024-01-10 19:00:00,54,1,0.5777777777777778,0.49437388213157435,-1.5582019131374032
2024-01-10 20:00:00,17,1,0.33499999999999996,-0.9526196274466608,-1.4879584908959274
2024-01-10 21:00:00,74,0,0.15833333333333333,1.931880431451115,1.6022518795956195
2024-01-10 22:00:00,71,0,0.25909090909090904,1.4483316831657427,-0.13724442166333364
2024-01-10 23:00:00,29,0,0.3958333333333333,-0.8485106711194035,-0.011162931567942947
2024-01-11 00:00:00,42,0,0.6107142857142858,-1.080831019104011,-0.5749242386900646
2024-01-11 01:00:00,96,1,0.525,-0.35348932612037753,0.9922394796781905
2024-01-11 02:00:00,12,0,0.31666666666666665,-1.2630511737936898,0.21024910248816442
2024-01-11 03:00:00,54,1,0.5777777777777778,-1.0205871139129223,-1.2052446220195503
2024-01-11 04:00:00,53,0,0.4071428571428571,1.0985470037185705,-0.5028527146200841
2024-01-11 05:00:00,67,1,0.7285714285714286,0.07846682610024981,-0.2900626949638679
2024-01-11 06:00:00,44,0,0.43846153846153846,0.7994447788554544,-0.4753697930826873
2024-01-11 07:00:00,68,0,0.42222222222222217,2.1962423234425286,0.7424167060449729
2024-01-11 08:00:00,11,0,0.57,-0.0692292097459218,-0.8727303491609256
2024-01-11 09:00:00,15,1,0.5777777777777778,-0.49362105413775437,-0.4299883485212173
2024-01-11 10:00:00,53,1,0.4571428571428571,0.01178274838634038,1.6425475318325042
2024-01-11 11:00:00,14,1,0.48846153846153845,1.0800742800353762,1.7394338448682145
2024-01-11 12:00:00,2,1,0.5777777777777778,0.2791783211756366,1.901193459510851
2024-01-11 13:00:00,46,0,0.6,-1.8103978302232784,0.41838970805988707
2024-01-11 14:00:00,70,0,0.285,-0.630541345018831,0.8395138402583284
2024-01-11 15:00:00,52,1,0.4458333333333333,-1.4233021147227445,-0.7977872402638141
2024-01-11 16:00:00,87,1,0.5928571428571429,-1.0200155057026465,-0.7001830092491091
2024-01-11 17:00:00,27,0,0.36538461538461536,-1.4955564615559693,-1.4886699037085842
2024-01-11 18:00:00,44,1,0.48846153846153845,0.5507948359580761,0.4976819712324434
2024-01-11 19:00:00,18,1,0.525,0.860270484782037,0.7182111813469335
2024-01-11 20:00:00,25,1,0.525,-0.1205629975132217,0.5973711800879308
2024-01-11 21:00:00,50,1,0.715,-1.0241196268409192,-0.32654865669973954
2024-01-11 22:00:00,60,1,0.7625,0.15261318760554432,-0.37804713744375684
2024-01-11 23:00:00,65,1,0.5928571428571429,0.049482676615304796,0.954028473250796
2024-01-12 00:00:00,26,0,0.3694444444444444,-0.9197211520225674,-1.0066578316951462
2024-01-12 01:00:00,22,0,0.475,-0.8106594220459032,0.20802268916731656
2024-01-12 02:00:00,40,1,0.7964285714285714,-0.09373238669406192,1.2329624124592824
2024-01-12 03:00:00,21,0,0.43181818181818177,-0.24438319589463964,0.5370120301973637
2024-01-12 04:00:00,22,1,0.525,-0.5821700060033415,0.4121304166301059
2024-01-12 05:00:00,95,0,0.57,0.015569349941687922,0.517811373350004
2024-01-12 06:00:00,33,1,0.5566666666666666,0.10663454324442614,0.4792370288708982
2024-01-12 07:00:00,72,1,0.740909090909091,0.6594774050253863,-0.13014328220327603
2024-01-12 08:00:00,31,0,0.6333333333333333,1.1732369129078557,-1.6746662135266694
2024-01-12 09:00:00,3,1,0.47222222222222215,-0.3339959080631315,-1.8629717458291146
2024-01-12 10:00:00,4,1,0.5777777777777778,0.4436421094079669,0.2748691300160449
2024-01-12 11:00:00,98,1,0.7285714285714286,0.725136284686337,-0.23178178827973123
2024-01-12 12:00:00,36,1,0.6545454545454545,-1.6967376713656495,1.8198691098653026
2024-01-12 13:00:00,0,0,0.39117647058823524,0.024456922042641313,0.14829369986709026
2024-01-12 14:00:00,37,0,0.5066666666666666,-0.3007479563383028,2.1666479507371514
2024-01-12 15:00:00,26,1,0.4194444444444444,0.2844108964680936,-0.8258022602399693
2024-01-12 16:00:00,67,1,0.7285714285714286,2.0225172468384103,1.4543227106390433
2024-01-12 17:00:00,91,0,0.42222222222222217,-0.2457495075252575,0.5159945331342537
2024-01-12 18:00:00,89,0,0.5541666666666667,0.7917591510290555,1.3756869505626788
2024-01-12 19:00:00,8,0,0.6333333333333333,1.0097084775334053,-0.8253416570213056
2024-01-12 20:00:00,0,0,0.39117647058823524,0.5801290273942908,-0.7611830875997434
2024-01-12 21:00:00,85,0,0.2375,0.5899580121921332,-0.5110563328065325
2024-01-12 22:00:00,18,0,0.475,-1.1118957826918816,1.5344057115376184
2024-01-12 23:00:00,14,0,0.43846153846153846,-0.10194158758769425,0.5320311008931724
2024-01-13 00:00:00,94,0,0.59375,0.055077494838232384,1.287781883280031
2024-01-13 01:00:00,17,0,0.285,-0.14046698123530538,-1.0607644205280102
2024-01-13 02:00:00,85,0,0.2375,-0.6833381822171565,1.6913288644721156
2024-01-13 03:00:00,78,0,0.31666666666666665,0.673393190494461,1.2845932268690898
2024-01-13 04:00:00,20,1,0.48846153846153845,-0.012375669364609385,-0.5913368012936169
2024-01-13 05:00:00,89,0,0.5541666666666667,-1.3350338674585793,-0.7139647673636234
2024-01-13 06:00:00,62,1,0.6607142857142858,-0.5926543588761058,-0.03580533305831813
2024-01-13 07:00:00,46,1,0.65,-1.4266985029995032,0.5761140326576495
2024-01-13 08:00:00,48,0,0.31666666666666665,-1.4486931839546031,-0.16320967441118073
2024-01-13 09:00:00,3,1,0.47222222222222215,0.7061408237124686,0.6477308022336092
2024-01-13 10:00:00,86,1,0.62,0.47429899234933515,-1.157814957581505
2024-01-13 11:00:00,31,1,0.6833333333333333,1.638554247866332,1.3438545488846192
2024-01-13 12:00:00,27,1,0.41538461538461535,-1.2283281748250021,1.202715878589198
2024-01-13 13:00:00,1,1,0.48181818181818176,0.5378459695583886,0.9025244224038834
2024-01-13 14:00:00,26,0,0.3694444444444444,0.5151273326943641,-1.0216471031777037
2024-01-13 15:00:00,34,1,1.0,0.5781480277471933,0.982628328384233
2024-01-13 16:00:00,4,0,0.5277777777777778,0.7021998047383246,-1.0998374814322038
2024-01-13 17:00:00,65,1,0.5928571428571429,0.5739016763277034,1.3989252370997425
2024-01-13 18:00:00,14,0,0.43846153846153846,0.06628938066782462,-1.2485192060122134
2024-01-13 19:00:00,26,0,0.3694444444444444,-0.7434381688839394,-0.19507196103537167
2024-01-13 20:00:00,47,0,0.31666666666666665,1.023272997694995,0.845692480342454
2024-01-13 21:00:00,65,0,0.5428571428571428,-2.493167127871738,-1.0383591554680658
2024-01-13 22:00:00,18,1,0.525,-0.9867328816353128,-1.9060570200889733
2024-01-13 23:00:00,92,0,0.6333333333333333,0.10563767939368993,-0.51963368532825
2024-01-14 00:00:00,51,1,0.64375,-1.0269607333658863,-0.47760562980326454
2024-01-14 01:00:00,46,0,0.6,0.26633092267850744,-0.4609508753698491
2024-01-14 02:00:00,74,0,0.15833333333333333,-0.9364016329851517,0.1229880129401688
2024-01-14 03:00:00,20,0,0.43846153846153846,1.40373653104956,-0.07889581504779936
2024-01-14 04:00:00,28,0,0.6785714285714286,-0.5480674024973692,0.04941627989070767
2024-01-14 05:00:00,92,1,0.6833333333333333,-0.8050648958982107,-0.8820150322907969
2024-01-14 06:00:00,70,0,0.285,-0.38581007030521786,-0.4630581031079649
2024-01-14 07:00:00,94,1,0.64375,0.3850393643781426,0.40982643614619746
2024-01-14 08:00:00,62,1,0.6607142857142858,-0.6592531345288983,-0.9596883656402738
2024-01-14 09:00:00,13,0,0.475,-1.2239290390854016,-1.1676757914946547
2024-01-14 10:00:00,75,1,0.6041666666666667,-0.40229638145760344,-0.07106446954315356
2024-01-14 11:00:00,89,1,0.6041666666666667,-1.1630387601088954,2.221199515663951
2024-01-14 12:00:00,12,1,0.36666666666666664,-0.27375433018330014,2.15880102501185
2024-01-14 13:00:00,29,0,0.3958333333333333,-0.2449855912229097,-2.3885298662342906
2024-01-14 14:00:00,78,0,0.31666666666666665,-0.7241115311019349,-0.47766166298574925
2024-01-14 15:00:00,12,0,0.31666666666666665,0.6103939982207588,-0.17653913063065452
2024-01-14 16:00:00,97,0,0.31666666666666665,1.0013649942627663,-0.16049377454586286
2024-01-14 17:00:00,11,1,0.62,-1.856213238177153,-0.08556224948654634
2024-01-14 18:00:00,2,0,0.5277777777777778,1.812426677109463,-0.6415689858176806
2024-01-14 19:00:00,75,1,0.6041666666666667,0.06568111788501535,-0.23577009601538368
2024-01-14 20:00:00,0,0,0.39117647058823524,0.2607705821087093,-1.1982840718610364
2024-01-14 21:00:00,8,1,0.6833333333333333,-1.3861775440207067,-1.6505980137181162
2024-01-14 22:00:00,67,0,0.6785714285714286,-2.0922420881197663,-1.1494805825477303
2024-01-14 23:00:00,76,1,0.39545454545454545,1.816857591474771,-0.04060072373901568
2024-01-15 00:00:00,88,0,0.5181818181818181,0.2350409271801335,0.6098626813971162
2024-01-15 01:00:00,23,1,0.6833333333333333,1.2070452675571157,2.3263275074376892
2024-01-15 02:00:00,81,0,0.4071428571428571,0.6436082107675347,-0.7031747649636279
2024-01-15 03:00:00,41,0,0.38,-1.1500018736124493,0.9533804573177286
2024-01-15 04:00:00,77,1,0.62,-0.12150832772633369,-0.08434415557088576
2024-01-15 05:00:00,14,1,0.48846153846153845,0.06237195717524742,-0.396887463900141
2024-01-15 06:00:00,72,0,0.6909090909090909,-0.0006893747913019492,0.6591584400106169
2024-01-15 07:00:00,65,1,0.5928571428571429,-0.12430027830455295,-0.1641878442164004
2024-01-15 08:00:00,40,1,0.7964285714285714,0.7234722504898333,-0.7889875161052061
2024-01-15 09:00:00,45,0,0.5181818181818181,-0.8825421393004543,-0.7481745632814722
2024-01-15 10:00:00,17,0,0.285,-1.0209658446508896,-0.9961610491898207
2024-01-15 11:00:00,39,0,0.7124999999999999,-0.4889418746638224,-1.0979546136330294
2024-01-15 12:00:00,61,0,0.19,0.2719053932727726,0.43353869841477527
2024-01-15 13:00:00,80,0,0.31666666666666665,-0.6520152347989563,0.18671811365489493
2024-01-15 14:00:00,59,0,0.57,-0.248724518728236,-1.133785298536118
2024-01-15 15:00:00,45,1,0.5681818181818181,0.8705069818255763,-1.5101346869492118
2024-01-15 16:00:00,71,0,0.25909090909090904,0.6186179559317605,0.9313514636194017
2024-01-15 17:00:00,69,1,0.6545454545454545,-0.5154147663308498,-0.2129764383183446
2024-01-15 18:00:00,94,0,0.59375,-2.773481648358542,-0.15583898325693274
2024-01-15 19:00:00,78,0,0.31666666666666665,-1.2490414415141005,-0.18775579316174715
2024-01-15 20:00:00,7,0,0.31666666666666665,-0.09751580310546859,-0.15439878711197294
2024-01-15 21:00:00,61,1,0.24,0.49913017774995416,-0.9327507478757368
2024-01-15 22:00:00,71,0,0.25909090909090904,-0.9565807109167436,1.1343290865027436
2024-01-15 23:00:00,96,1,0.525,0.45635984197924345,1.0550120827170055
2024-01-16 00:00:00,76,1,0.39545454545454545,-0.4544524125585635,0.1215711427323512
2024-01-16 01:00:00,55,0,0.6785714285714286,0.4221962634288811,-2.6144985480616088
2024-01-16 02:00:00,4,0,0.5277777777777778,-1.2995501349753489,0.02290490882596786
2024-01-16 03:00:00,21,1,0.48181818181818176,-0.24874941689828467,0.025197470179655984
2024-01-16 04:00:00,76,0,0.34545454545454546,-0.22557057244472956,0.6058133663823585
2024-01-16 05:00:00,54,0,0.5277777777777778,0.41597984145549516,0.47158125378362237
2024-01-16 06:00:00,68,1,0.47222222222222215,-0.7370822980464733,1.2020874743923942
2024-01-16 07:00:00,24,0,0.6045454545454545,0.17287626722832203,-0.21494404846221807
2024-01-16 08:00:00,79,1,0.7625,-1.2061087501175225,-2.3695357666283976
2024-01-16 09:00:00,8,0,0.6333333333333333,-0.4433765465907272,1.8020194129758302
2024-01-16 10:00:00,97,0,0.31666666666666665,-2.4191859121059194,1.948735691001303
2024-01-16 11:00:00,75,0,0.5541666666666667,-0.6976680612142996,0.5672499089663549
2024-01-16 12:00:00,68,0,0.42222222222222217,-1.1174188444885025,-1.603358104562741
2024-01-16 13:00:00,26,0,0.3694444444444444,0.450459816330909,0.8380185642748483
2024-01-16 14:00:00,79,1,0.7625,-0.7443969049026927,-0.05208265813649674
2024-01-16 15:00:00,31,1,0.6833333333333333,0.327790057706869,-1.2256713123149083
2024-01-16 16:00:00,84,1,0.7625,0.2803242443291899,0.7199647673026555
2024-01-16 17:00:00,98,1,0.7285714285714286,-0.37141782633117637,2.6410752401148585
2024-01-16 18:00:00,85,0,0.2375,0.20332019032370208,0.15039541491897648
2024-01-16 19:00:00,40,1,0.7964285714285714,2.1411044548349927,-0.016505516103401376
2024-01-16 20:00:00,90,0,0.19,-0.42398831628892575,-1.0877915858734803
2024-01-16 21:00:00,44,0,0.43846153846153846,-1.2221696895483307,-0.4146716163349951
2024-01-16 22:00:00,82,0,0.19,-0.6125734208572315,1.8673879027851723
2024-01-16 23:00:00,92,1,0.6833333333333333,0.2673537829868723,-0.2874751742211976
2024-01-17 00:00:00,38,0,0.475,0.47993574304777087,-0.5457629632144813
2024-01-17 01:00:00,79,0,0.7124999999999999,-0.15171017919113786,-0.5144564760140211
2024-01-17 02:00:00,98,1,0.7285714285714286,-0.08910975739416228,0.32872746570555855
2024-01-17 03:00:00,85,0,0.2375,-0.14479899274210578,-1.0912616992521265
2024-01-17 04:00:00,20,1,0.48846153846153845,-2.4797610786559163,0.4701796332832933
2024-01-17 05:00:00,46,1,0.65,0.5194467720106474,-0.8100616187650261
2024-01-17 06:00:00,44,0,0.43846153846153846,0.13890267032522194,0.6571664886286895
2024-01-17 07:00:00,21,0,0.43181818181818177,0.4311492802997257,1.7191736995028621
2024-01-17 08:00:00,21,0,0.43181818181818177,0.963186102179496,-0.519396751055864
2024-01-17 09:00:00,6,1,0.6833333333333333,0.6831606054826866,0.3424539342559453
2024-01-17 10:00:00,69,0,0.6045454545454545,1.078939174716365,0.8682618135715156
2024-01-17 11:00:00,7,0,0.31666666666666665,0.015873711776051236,0.6952732094175289
2024-01-17 12:00:00,12,0,0.31666666666666665,-0.5264461100966809,0.535206281144871
2024-01-17 13:00:00,13,0,0.475,0.5801045566776941,1.3153922396993374
2024-01-17 14:00:00,51,1,0.64375,-1.538180616748057,-2.4329734723016974
2024-01-17 15:00:00,26,1,0.4194444444444444,1.2041932536512687,-0.14561953019535726
2024-01-17 16:00:00,45,0,0.5181818181818181,-0.3334623179450047,-0.9399028857295358
2024-01-17 17:00:00,77,1,0.62,0.3877362571450589,0.4078016309649765
2024-01-17 18:00:00,36,0,0.6045454545454545,-0.6810844224866149,1.3787673453554556
2024-01-17 19:00:00,22,0,0.475,0.023633483959246443,0.271852434416311
2024-01-17 20:00:00,7,0,0.31666666666666665,0.8204839433150154,-0.5413376626535054
2024-01-17 21:00:00,42,0,0.6107142857142858,-0.9987490189494527,0.6250182766982205
2024-01-17 22:00:00,81,1,0.4571428571428571,-1.3241162625273226,2.3900512661578723
2024-01-17 23:00:00,45,1,0.5681818181818181,-0.18028049145486658,-0.20220847596203959
2024-01-18 00:00:00,26,0,0.3694444444444444,-0.9804496767775135,-0.1393511457082205
2024-01-18 01:00:00,30,0,0.6333333333333333,1.4009416833061257,0.4800044207192327
2024-01-18 02:00:00,1,0,0.43181818181818177,-0.2505187226559667,-0.09143954573814157
2024-01-18 03:00:00,17,0,0.285,-0.11176546662016584,0.9927955679190252
2024-01-18 04:00:00,10,0,0.35624999999999996,-0.0664532569908824,-1.1411656397194516
2024-01-18 05:00:00,26,1,0.4194444444444444,-0.9216337194602545,-0.5305845793205195
2024-01-18 06:00:00,94,1,0.64375,-0.9476835605840714,-2.39452094976833
2024-01-18 07:00:00,85,0,0.2375,2.106416591794075,0.09633673523919252
2024-01-18 08:00:00,75,1,0.6041666666666667,1.8028286955710653,0.24395950741326172
2024-01-18 09:00:00,99,0,0.31666666666666665,-0.4531935696241631,-0.7169024092681652
2024-01-18 10:00:00,30,0,0.6333333333333333,-0.0018386984105477832,-0.8522024934131686
2024-01-18 11:00:00,37,0,0.5066666666666666,0.6026237011042365,0.28698850578380164
2024-01-18 12:00:00,3,1,0.47222222222222215,-0.4657017070247895,2.7270080150033107
2024-01-18 13:00:00,46,1,0.65,-1.0431423207853943,-1.2808557991734242
2024-01-18 14:00:00,51,1,0.64375,0.025369737567657476,0.47392297065911876
2024-01-18 15:00:00,33,0,0.5066666666666666,0.45106039500126277,-0.19532168332868097
2024-01-18 16:00:00,66,1,1.0,1.2536402953382981,-2.5215306774227244
2024-01-18 17:00:00,36,0,0.6045454545454545,1.5081773846462143,0.9082807439786574
2024-01-18 18:00:00,44,0,0.43846153846153846,0.2754437694203668,0.13750849587082828
2024-01-18 19:00:00,68,0,0.42222222222222217,0.655571285694444,-0.7344913964356922
2024-01-18 20:00:00,69,1,0.6545454545454545,0.0936402656804959,-0.10506332085761011
2024-01-18 21:00:00,73,1,0.525,1.5047689411092022,-0.6199264116362626
2024-01-18 22:00:00,69,0,0.6045454545454545,-1.0043624461651757,1.3818719251799716
2024-01-18 23:00:00,31,1,0.6833333333333333,1.1970012514513628,-0.8429094807319215
2024-01-19 00:00:00,22,0,0.475,-1.2195164544221104,-1.6330251764035857
2024-01-19 01:00:00,14,0,0.43846153846153846,0.3687437007648538,-0.04877522532641745
2024-01-19 02:00:00,32,1,0.2875,0.9568143417483281,-0.7019124338614364
2024-01-19 03:00:00,70,0,0.285,-0.0062177754906219225,1.762237143915835
2024-01-19 04:00:00,84,0,0.7124999999999999,-0.2804007167577039,-0.20228845355134
2024-01-19 05:00:00,43,1,0.6545454545454545,0.8110535568620011,1.329872664288497
2024-01-19 06:00:00,7,1,0.36666666666666664,-0.008822682918537168,-0.12268565594235094
2024-01-19 07:00:00,91,1,0.47222222222222215,-0.8647593372239352,-1.44996800139397
2024-01-19 08:00:00,82,0,0.19,-0.935866336636918,2.357756065949623
2024-01-19 09:00:00,40,1,0.7964285714285714,-0.724941470758081,-0.6469630501567342
2024-01-19 10:00:00,61,0,0.19,0.44913324641241714,-0.4755126359276454
2024-01-19 11:00:00,2,0,0.5277777777777778,-1.1138918527466404,1.3084479841556769
2024-01-19 12:00:00,41,1,0.43,0.5853478879224641,1.2702078217737383
2024-01-19 13:00:00,72,1,0.740909090909091,-0.878704367214587,0.6039098896202894
2024-01-19 14:00:00,74,1,0.20833333333333331,0.2675412506958004,0.5269608849795498
2024-01-19 15:00:00,98,1,0.7285714285714286,-0.625686802968691,1.9948291721877265
2024-01-19 16:00:00,50,1,0.715,-0.6977659038557087,1.7106705625549063
2024-01-19 17:00:00,46,1,0.65,0.03959725520018175,0.9900080400160265
2024-01-19 18:00:00,53,0,0.4071428571428571,-0.5630793119920693,0.23283300251458364
2024-01-19 19:00:00,95,0,0.57,0.4356370200414502,-2.17142564173176
2024-01-19 20:00:00,12,0,0.31666666666666665,-0.6341491204610847,0.4186420358248574
2024-01-19 21:00:00,16,0,0.21923076923076923,-1.9026170756671006,-0.42326664998628055
2024-01-19 22:00:00,80,0,0.31666666666666665,-1.9948757492249067,1.8726248814903774
2024-01-19 23:00:00,21,0,0.43181818181818177,-1.4626092669901245,-0.0814529795710977
2024-01-20 00:00:00,63,1,1.0,0.8103189261621956,-0.176880827235939
2024-01-20 01:00:00,34,1,1.0,0.08687705999249619,-0.2533618416253164
2024-01-20 02:00:00,75,1,0.6041666666666667,-1.095109327128551,0.654910578171631
2024-01-20 03:00:00,40,1,0.7964285714285714,-0.4471229281735181,-0.27163263414479777
2024-01-20 04:00:00,16,1,0.2692307692307692,0.9687371136889638,0.7413007413214577
2024-01-20 05:00:00,89,1,0.6041666666666667,-1.2982931215715232,1.4611688581374698
2024-01-20 06:00:00,0,1,0.4411764705882352,0.4697297219195281,0.23447424997227878
2024-01-20 07:00:00,97,1,0.36666666666666664,0.7383444486124322,0.8598592936243973
2024-01-20 08:00:00,4,1,0.5777777777777778,-1.4724677379984603,0.7808461914094146
2024-01-20 09:00:00,51,1,0.64375,-0.2764231788012721,0.7982167844560785
2024-01-20 10:00:00,91,0,0.42222222222222217,-1.6560844320237889,-1.4428519530473525
2024-01-20 11:00:00,69,0,0.6045454545454545,0.8025417893320173,-0.6792817629809829
2024-01-20 12:00:00,22,1,0.525,-0.5520024285060287,0.4825795564214693
2024-01-20 13:00:00,62,1,0.6607142857142858,-1.3364424859900355,0.5452816740041388
2024-01-20 14:00:00,20,0,0.43846153846153846,0.046226758929334644,0.2157739190766878
2024-01-20 15:00:00,86,0,0.57,-0.1528045506562775,-2.3726806230533635
2024-01-20 16:00:00,6,1,0.6833333333333333,0.306979212997554,-0.9179837881877235
2024-01-20 17:00:00,10,0,0.35624999999999996,-1.4388730122045148,-1.9303301234975974
2024-01-20 18:00:00,70,1,0.33499999999999996,1.839769112007526,1.7485815977335475
2024-01-20 19:00:00,56,1,0.525,0.34291209851581683,-1.5239445829417468
2024-01-20 20:00:00,74,0,0.15833333333333333,-0.9091023064904736,0.16597993555837956
2024-01-20 21:00:00,80,1,0.36666666666666664,1.4468740580018764,0.8616021064442722
2024-01-20 22:00:00,8,0,0.6333333333333333,0.08088855757941903,-0.857095252930485
2024-01-20 23:00:00,77,0,0.57,-0.8243347483495012,-1.2591343048269168
2024-01-21 00:00:00,37,0,0.5066666666666666,-0.3692309536488156,-0.12824864118305176
2024-01-21 01:00:00,76,0,0.34545454545454546,0.4342342779573226,-2.1847323821742957
2024-01-21 02:00:00,20,0,0.43846153846153846,0.4970981090051549,-0.09854403902685206
2024-01-21 03:00:00,98,0,0.6785714285714286,0.5314247334280193,-0.6529360800556745
2024-01-21 04:00:00,48,1,0.36666666666666664,0.30384794750133587,0.3974955685012192
2024-01-21 05:00:00,2,1,0.5777777777777778,0.793412547327211,-2.0197932426527876
2024-01-21 06:00:00,71,0,0.25909090909090904,-0.10750468106897855,0.6510447969674796
2024-01-21 07:00:00,10,0,0.35624999999999996,-0.2944491404434306,0.992922869655832
2024-01-21 08:00:00,59,1,0.62,-0.0967386266012728,-0.8656377728691418
2024-01-21 09:00:00,15,1,0.5777777777777778,1.1053756397986179,0.37971912811865377
2024-01-21 10:00:00,21,1,0.48181818181818176,0.24033215279452494,-0.04916141458479843
2024-01-21 11:00:00,58,1,0.43,-1.6848080157362384,1.5934431605032673
2024-01-21 12:00:00,57,1,0.7625,-1.1289170102187274,0.7655978152149909
2024-01-21 13:00:00,43,0,0.6045454545454545,-1.0110923143094137,-0.07137661405421164
2024-01-21 14:00:00,28,1,0.7285714285714286,0.07107688967026692,-1.7160983258662148
2024-01-21 15:00:00,6,0,0.6333333333333333,1.5876033592914198,-1.342185153969778
2024-01-21 16:00:00,33,0,0.5066666666666666,-1.6027272915378512,-0.4649435253627676
2024-01-21 17:00:00,27,0,0.36538461538461536,-1.6807430860128718,-0.8359510736539001
2024-01-21 18:00:00,99,0,0.31666666666666665,-1.6082533172374027,-0.6616753956225848
2024-01-21 19:00:00,39,1,0.7625,-0.12879928173253466,1.14114182702506
2024-01-21 20:00:00,54,0,0.5277777777777778,-0.6452670542398229,0.19068736875265177
2024-01-21 21:00:00,50,1,0.715,0.7603191727532649,1.021295080463908
2024-01-21 22:00:00,92,0,0.6333333333333333,-1.8620637291786668,0.02305655414748868
2024-01-21 23:00:00,75,1,0.6041666666666667,0.3339182667094823,-0.1230024309939514
2024-01-22 00:00:00,55,1,0.7285714285714286,-0.6473336598662834,-0.6815906100887787
2024-01-22 01:00:00,48,0,0.31666666666666665,1.0489912663761574,-1.1889075586038564
2024-01-22 02:00:00,89,1,0.6041666666666667,0.02405199600468974,0.15269491747326838
2024-01-22 03:00:00,82,0,0.19,-0.7399763602154472,1.410733030672803
2024-01-22 04:00:00,69,1,0.6545454545454545,-1.3554230158499636,-0.06199735984960305
2024-01-22 05:00:00,54,0,0.5277777777777778,1.1366263187448953,0.7512364356745638
2024-01-22 06:00:00,10,0,0.35624999999999996,-0.5194392578388776,-0.984610867503709
2024-01-22 07:00:00,35,1,0.5928571428571429,-1.2886390356087545,-0.32377016020066884
2024-01-22 08:00:00,70,1,0.33499999999999996,-0.9258202625556315,-0.018797895168898838
2024-01-22 09:00:00,80,0,0.31666666666666665,0.06919462914699617,0.22952177755062922
2024-01-22 10:00:00,67,1,0.7285714285714286,0.17695840500606455,-0.03871925076932105
2024-01-22 11:00:00,18,0,0.475,-0.6554410779584997,-0.019085779946793432
2024-01-22 12:00:00,21,1,0.48181818181818176,-0.24909470436585493,-0.221751337982264
2024-01-22 13:00:00,88,1,0.5681818181818181,-0.4589132204520398,0.5062569052799375
2024-01-22 14:00:00,35,1,0.5928571428571429,1.104321658008177,0.40827261746306603
2024-01-22 15:00:00,67,1,0.7285714285714286,-0.7306025801447457,-0.3906295004422591
2024-01-22 16:00:00,19,1,0.2875,-0.9103228480667583,-0.8279837563394931
2024-01-22 17:00:00,95,1,0.62,-1.139858478670232,-0.7614896522712721
2024-01-22 18:00:00,27,1,0.41538461538461535,-0.32321825453595954,1.702894180979826
2024-01-22 19:00:00,20,0,0.43846153846153846,0.7622290054083514,0.3315050832143691
2024-01-22 20:00:00,27,0,0.36538461538461536,-0.03893403817646827,0.9219781797764827
2024-01-22 21:00:00,23,1,0.6833333333333333,-0.09362590133935936,0.8244733257689487
2024-01-22 22:00:00,9,0,0.6107142857142858,1.010904431818208,0.09556129111606884
2024-01-22 23:00:00,45,0,0.5181818181818181,0.7362094396723619,0.34483888844612465
2024-01-23 00:00:00,57,0,0.7124999999999999,0.16987073253389806,0.4184260773957642
2024-01-23 01:00:00,14,1,0.48846153846153845,1.9113793550242542,-1.504951530868877
2024-01-23 02:00:00,46,1,0.65,-1.5493171325397357,0.4308741076435689
2024-01-23 03:00:00,3,1,0.47222222222222215,1.2197848266242095,-0.674857932466826
2024-01-23 04:00:00,55,1,0.7285714285714286,0.6806697840709999,-0.7341072922212074
2024-01-23 05:00:00,35,0,0.5428571428571428,-1.2928567237439512,0.28847336883783187
2024-01-23 06:00:00,67,1,0.7285714285714286,1.1679976875345066,2.7859248128345726
2024-01-23 07:00:00,75,0,0.5541666666666667,1.1635382548641282,-1.6874674126472444
2024-01-23 08:00:00,15,0,0.5277777777777778,-0.18259162553833472,-2.0358637836969695
2024-01-23 09:00:00,88,0,0.5181818181818181,-0.8246994594276688,0.10321810067268511
2024-01-23 10:00:00,78,1,0.36666666666666664,-0.5802374163066367,-1.9970326228600623
2024-01-23 11:00:00,23,0,0.6333333333333333,1.3197661104411027,-0.14321641193916324
2024-01-23 12:00:00,44,1,0.48846153846153845,0.4692814549927631,-2.0863132500698947
2024-01-23 13:00:00,94,0,0.59375,-1.0702992622874015,0.4496759223312099
2024-01-23 14:00:00,88,0,0.5181818181818181,1.4429671442012246,-0.05888985611265246
2024-01-23 15:00:00,7,1,0.36666666666666664,0.9364164806189785,-0.9272566549515217
2024-01-23 16:00:00,89,0,0.5541666666666667,-1.198601550042775,1.215341057736652
2024-01-23 17:00:00,7,1,0.36666666666666664,0.27288026788800424,0.19001570227121656
2024-01-23 18:00:00,33,0,0.5066666666666666,0.0029396575355114213,0.6286779338194177
2024-01-23 19:00:00,70,0,0.285,0.09898386164939464,-1.1737554219884905
2024-01-23 20:00:00,82,0,0.19,0.6798339152666216,0.3729678775925638
2024-01-23 21:00:00,6,1,0.6833333333333333,0.4400840219028033,-1.141124838126746
2024-01-23 22:00:00,95,0,0.57,0.9106843394082074,2.375093350896736
2024-01-23 23:00:00,97,0,0.31666666666666665,-0.1600783398687678,0.9252331637485759
2024-01-24 00:00:00,38,0,0.475,-0.3242073513166394,0.18338187948342724
2024-01-24 01:00:00,27,1,0.41538461538461535,-0.12371078959966096,1.0919171233739424
2024-01-24 02:00:00,10,1,0.40624999999999994,-2.8463485176290346,0.1592560699774325
2024-01-24 03:00:00,12,1,0.36666666666666664,-0.24812764239873913,-0.17850704135767861
2024-01-24 04:00:00,5,1,0.5928571428571429,1.2610814834347077,0.15325926412663776
2024-01-24 05:00:00,76,1,0.39545454545454545,-0.6783334782002318,-1.7955490300246075
2024-01-24 06:00:00,42,1,0.6607142857142858,-1.3359767674597816,-0.4423461310063287
2024-01-24 07:00:00,42,0,0.6107142857142858,0.4688811707220653,0.22518569001145836
2024-01-24 08:00:00,26,0,0.3694444444444444,2.427642736347779,-0.7334020792674483
2024-01-24 09:00:00,90,0,0.19,-0.46458367599997674,2.0923556161033563
2024-01-24 10:00:00,52,1,0.4458333333333333,0.4469905251208761,-0.36138928571561024
2024-01-24 11:00:00,49,1,0.7625,-0.47512563066717395,0.25221112645561405
2024-01-24 12:00:00,38,1,0.525,-1.2582676576302854,1.9878768364796655
2024-01-24 13:00:00,0,0,0.39117647058823524,-0.45202554682999674,0.7951343801589715
2024-01-24 14:00:00,16,0,0.21923076923076923,-0.4327964184288827,2.148321714660086
2024-01-24 15:00:00,16,0,0.21923076923076923,-0.351113782530197,0.16105086453809297
2024-01-24 16:00:00,42,1,0.6607142857142858,-1.154604136216193,-1.5120354830280525
2024-01-24 17:00:00,9,1,0.6607142857142858,-1.3269105423213103,-2.482244248373442
2024-01-24 18:00:00,90,0,0.19,-1.4638187731444634,-1.2491651580927163
2024-01-24 19:00:00,18,0,0.475,-0.08698244702260335,0.21525723164822827
2024-01-24 20:00:00,58,0,0.38,-0.010049449677620347,0.9363230672882369
2024-01-24 21:00:00,27,1,0.41538461538461535,0.9518723797308443,0.9985471486001064
2024-01-24 22:00:00,8,1,0.6833333333333333,0.863396302235167,-1.3341408774044758
2024-01-24 23:00:00,7,0,0.31666666666666665,-0.8739420570015114,-0.6807868669913993
2024-01-25 00:00:00,47,0,0.31666666666666665,-0.6333104065484529,0.448766762160589
2024-01-25 01:00:00,87,0,0.5428571428571428,-0.7415299186995502,-2.2237382101997953
2024-01-25 02:00:00,72,1,0.740909090909091,-1.375254921363706,-0.9110430286396978
2024-01-25 03:00:00,67,0,0.6785714285714286,-0.5734075125003655,0.2181094029921148
2024-01-25 04:00:00,62,1,0.6607142857142858,-1.5305177509839032,0.16306068041646293
2024-01-25 05:00:00,44,1,0.48846153846153845,-1.800586280289378,0.9238729246805965
2024-01-25 06:00:00,69,1,0.6545454545454545,0.7084624098423833,0.08885051142852918
2024-01-25 07:00:00,89,1,0.6041666666666667,-0.08307340335385492,-0.33451279524241745
2024-01-25 08:00:00,52,0,0.3958333333333333,-0.840802023000759,-0.9192281820211035
2024-01-25 09:00:00,61,0,0.19,0.46800680420090995,0.2910394993326239
2024-01-25 10:00:00,18,1,0.525,0.5397663979911873,-0.30276822989664276
2024-01-25 11:00:00,68,0,0.42222222222222217,1.3163401372370487,0.7536294006000572
2024-01-25 12:00:00,11,1,0.62,-0.4647023745854466,-1.3769263266386687
2024-01-25 13:00:00,71,0,0.25909090909090904,0.10272084661157133,1.777815318555742
2024-01-25 14:00:00,99,0,0.31666666666666665,-0.4341259699296471,-0.7248776168400155
2024-01-25 15:00:00,43,1,0.6545454545454545,-0.6295311186116901,-0.4189882771311695
2024-01-25 16:00:00,51,1,0.64375,0.9185030432450391,0.7054180650678749
2024-01-25 17:00:00,29,1,0.4458333333333333,0.3827801813350102,0.6354857066874823
2024-01-25 18:00:00,75,1,0.6041666666666667,-1.0638448426455502,0.5289044234538672
2024-01-25 19:00:00,88,1,0.5681818181818181,-0.011035219563766206,-0.6193320254834593
2024-01-25 20:00:00,16,0,0.21923076923076923,0.5605910568952971,-2.1721314853522062
2024-01-25 21:00:00,36,0,0.6045454545454545,-0.2189093868520784,-0.18906667171074498
2024-01-25 22:00:00,36,1,0.6545454545454545,-0.11413339241826377,0.6938585871152422
2024-01-25 23:00:00,43,0,0.6045454545454545,2.2361559219202647,0.4265827337345558
2024-01-26 00:00:00,1,0,0.43181818181818177,-0.8726078286874912,0.9400065497653383
2024-01-26 01:00:00,27,0,0.36538461538461536,-0.6511202703178786,-0.3829317173547948
2024-01-26 02:00:00,49,1,0.7625,1.4148273061006016,-0.8036078327900289
2024-01-26 03:00:00,55,1,0.7285714285714286,0.09116610538850685,-1.2162161956932012
2024-01-26 04:00:00,76,0,0.34545454545454546,-0.16959066352883798,0.5653201871087533
2024-01-26 05:00:00,53,1,0.4571428571428571,-1.2573766090976963,0.21382067336291866
2024-01-26 06:00:00,4,1,0.5777777777777778,0.29228131791777456,-0.06230595126575879
2024-01-26 07:00:00,43,1,0.6545454545454545,0.5101272446376279,-0.08451284560353649
2024-01-26 08:00:00,43,1,0.6545454545454545,1.0959462825470425,-0.2914750746234518
2024-01-26 09:00:00,35,1,0.5928571428571429,1.2692768218802524,-0.4165482781275567
2024-01-26 10:00:00,28,1,0.7285714285714286,0.32634951589086886,0.6569635699631415
2024-01-26 11:00:00,54,1,0.5777777777777778,-0.6547294266803765,-0.7845240511514567
2024-01-26 12:00:00,46,1,0.65,-1.1951786078230882,1.5163482992550288
2024-01-26 13:00:00,38,1,0.525,1.4749299475399995,1.5130584782203396
2024-01-26 14:00:00,98,0,0.6785714285714286,-0.5741088522860374,1.7194113070130075
2024-01-26 15:00:00,77,1,0.62,1.1594514297370384,1.2355296849648427
2024-01-26 16:00:00,14,1,0.48846153846153845,0.7244810218081764,-0.5834556978737567
2024-01-26 17:00:00,15,1,0.5777777777777778,-0.24569366945501536,0.9382395251734226
2024-01-26 18:00:00,27,0,0.36538461538461536,1.3942405274956071,-0.1061534553012443
2024-01-26 19:00:00,72,1,0.740909090909091,-0.04548925520648123,0.1174587818456219
2024-01-26 20:00:00,20,1,0.48846153846153845,1.2717698163480233,0.46430904276909946
2024-01-26 21:00:00,20,1,0.48846153846153845,-0.2229463005886688,-0.22235549045416766
2024-01-26 22:00:00,99,0,0.31666666666666665,-0.2934445701686243,-0.0011509088002154887
2024-01-26 23:00:00,93,0,0.475,-0.08680397020580746,0.7389657006766034
2024-01-27 00:00:00,70,1,0.33499999999999996,2.075883353508705,0.9493664516107909
2024-01-27 01:00:00,38,1,0.525,0.4185812802746118,0.7899581180861341
2024-01-27 02:00:00,64,1,0.525,-0.008424662397136386,2.5363083388832304
2024-01-27 03:00:00,32,0,0.2375,-1.5691266596424553,2.1292898666729907
2024-01-27 04:00:00,1,1,0.48181818181818176,-0.6879739983908055,0.10071467900294474
2024-01-27 05:00:00,90,0,0.19,-1.2537781674706852,0.13847343268293552
2024-01-27 06:00:00,99,1,0.36666666666666664,-2.0288409042418265,0.431386231137508
2024-01-27 07:00:00,4,1,0.5777777777777778,-0.8474879690288617,0.6499659405557241
2024-01-27 08:00:00,56,0,0.475,1.9307922130516442,1.620090575883465
2024-01-27 09:00:00,97,1,0.36666666666666664,1.1380139523893484,-0.6835313889337532
2024-01-27 10:00:00,81,0,0.4071428571428571,0.9952682818091456,-0.6009555376050657
2024-01-27 11:00:00,92,1,0.6833333333333333,-0.4591278726035368,-0.10604723232364023
2024-01-27 12:00:00,79,0,0.7124999999999999,-0.6145676531118808,3.035759444364334
2024-01-27 13:00:00,66,1,1.0,-1.6548956119177511,1.3390396386599253
2024-01-27 14:00:00,51,0,0.59375,0.8680603226816866,-1.5831999716686809
2024-01-27 15:00:00,56,0,0.475,-0.3264490961393201,0.12935476392124923
2024-01-27 16:00:00,1,0,0.43181818181818177,-0.22308487171489252,-1.8299346096636564
2024-01-27 17:00:00,52,0,0.3958333333333333,0.6516893277498409,0.44035958986939155
2024-01-27 18:00:00,3,0,0.42222222222222217,-1.113168143317082,-0.18032733477326687
2024-01-27 19:00:00,8,1,0.6833333333333333,0.9848831284073876,1.3430672503464167
2024-01-27 20:00:00,83,0,0.7388888888888888,-1.6201022111243655,1.3555737524707745
2024-01-27 21:00:00,9,0,0.6107142857142858,-1.5634032929979091,1.7299322693585395
2024-01-27 22:00:00,56,1,0.525,0.9740625006141883,0.38549040242280935
2024-01-27 23:00:00,69,0,0.6045454545454545,0.31544668678531534,0.6955393650791822
2024-01-28 00:00:00,2,1,0.5777777777777778,0.18349012979563506,1.2220597409291132
2024-01-28 01:00:00,95,0,0.57,-1.957008282733211,0.6994186610200065
2024-01-28 02:00:00,41,0,0.38,0.7614585390096842,-0.7541171774076727
2024-01-28 03:00:00,51,0,0.59375,1.3369485303147826,-0.8733008791385383
2024-01-28 04:00:00,94,1,0.64375,-0.38006524352353843,0.5645738555628897
2024-01-28 05:00:00,0,0,0.39117647058823524,-0.47064324082921183,-1.598311189464815
2024-01-28 06:00:00,12,0,0.31666666666666665,1.7331498804311967,1.713242658051609
2024-01-28 07:00:00,82,1,0.24,-0.8120616005937216,-0.8858762368641632
2024-01-28 08:00:00,31,0,0.6333333333333333,-2.1405802066811037,1.2547909337680452
2024-01-28 09:00:00,83,1,0.7888888888888889,0.504231625013159,-0.17113971397145802
2024-01-28 10:00:00,92,1,0.6833333333333333,-0.8044484813373723,-1.5005786367241998
2024-01-28 11:00:00,33,1,0.5566666666666666,0.7244151702657231,0.28558817024884436
2024-01-28 12:00:00,0,1,0.4411764705882352,-0.6979671852504488,-0.28916410867697057
2024-01-28 13:00:00,67,1,0.7285714285714286,-0.2827464096378906,-1.3048736924107114
2024-01-28 14:00:00,79,1,0.7625,-0.4417875412500198,1.1052512496584659
2024-01-28 15:00:00,14,0,0.43846153846153846,-0.7320223633743064,0.13119613539628666
2024-01-28 16:00:00,25,1,0.525,0.042068922640416014,-0.05100749884480381
2024-01-28 17:00:00,16,1,0.2692307692307692,1.4204064052985763,1.7459604434913836
2024-01-28 18:00:00,60,0,0.7124999999999999,-1.040294389961607,-1.4698161424180445
2024-01-28 19:00:00,71,0,0.25909090909090904,0.3723071346722849,1.565072656095566
2024-01-28 20:00:00,3,0,0.42222222222222217,-0.6016919420849399,0.7363940277721771
2024-01-28 21:00:00,50,1,0.715,-0.15379907860860603,0.41875909871832545
2024-01-28 22:00:00,72,1,0.740909090909091,0.8206607348015701,-2.5377470915640377
2024-01-28 23:00:00,58,0,0.38,0.004020853164048964,0.5250887065647596
2024-01-29 00:00:00,98,1,0.7285714285714286,1.584566164236134,-0.3182064290319731
2024-01-29 01:00:00,52,0,0.3958333333333333,-1.5192675561259033,1.636983532335911
2024-01-29 02:00:00,93,1,0.525,-1.7970675470809883,-0.060822005062880734
2024-01-29 03:00:00,94,0,0.59375,-0.3209332280724471,-1.4319121654869182
2024-01-29 04:00:00,17,0,0.285,0.20866160887658838,-0.5485321340485267
2024-01-29 05:00:00,78,1,0.36666666666666664,1.0019704946746832,-0.45328378169393396
2024-01-29 06:00:00,62,1,0.6607142857142858,-0.7100281705421896,0.3736033260005157
2024-01-29 07:00:00,89,0,0.5541666666666667,-0.08938846022098189,-0.30239627023028826
2024-01-29 08:00:00,24,0,0.6045454545454545,-0.9915755737667111,1.1339493412137334
2024-01-29 09:00:00,29,1,0.4458333333333333,0.9094226847934815,0.7652144298193738
2024-01-29 10:00:00,40,1,0.7964285714285714,0.8979129006590982,-0.5650653644652714
2024-01-29 11:00:00,97,0,0.31666666666666665,0.23203476506054999,1.9306080058435937
2024-01-29 12:00:00,99,1,0.36666666666666664,-0.11959607333638085,0.2822281822692472
2024-01-29 13:00:00,81,0,0.4071428571428571,-0.08429490929663802,-0.9984148929057343
2024-01-29 14:00:00,5,1,0.5928571428571429,-1.0582899231581384,-0.5799349415593764
2024-01-29 15:00:00,9,1,0.6607142857142858,-1.6222389151452048,1.4046727116820945
2024-01-29 16:00:00,67,1,0.7285714285714286,0.7895562409680984,1.3209032436266064
2024-01-29 17:00:00,8,1,0.6833333333333333,0.4108185595830052,0.9100142483873326
2024-01-29 18:00:00,96,1,0.525,0.2955815790290555,-0.948076999089028
2024-01-29 19:00:00,19,0,0.2375,-0.7125446643228077,-0.7385818928671383
2024-01-29 20:00:00,94,0,0.59375,-1.1789273360847774,-0.4683569887281389
2024-01-29 21:00:00,33,1,0.5566666666666666,0.7338975930720323,1.5837354089965636
2024-01-29 22:00:00,26,1,0.4194444444444444,0.2287590279930729,-0.0005495756438747294
2024-01-29 23:00:00,21,1,0.48181818181818176,-0.2947320086419732,0.6881408461870004
2024-01-30 00:00:00,76,0,0.34545454545454546,1.1572150324014818,-1.5374998448656376
2024-01-30 01:00:00,5,0,0.5428571428571428,1.6068569348681405,-2.335061242116135
2024-01-30 02:00:00,59,1,0.62,1.5691816652180852,-0.07060396312698024
2024-01-30 03:00:00,44,1,0.48846153846153845,-0.5175712673671583,0.5288933654122193
2024-01-30 04:00:00,54,1,0.5777777777777778,0.5070135473016154,0.16327068702202432
2024-01-30 05:00:00,26,0,0.3694444444444444,0.872871410017057,0.3967845460631201
2024-01-30 06:00:00,6,0,0.6333333333333333,-1.456904046338684,-0.1852542001834248
2024-01-30 07:00:00,46,0,0.6,2.535525923864081,0.21783919610958533
2024-01-30 08:00:00,31,1,0.6833333333333333,-0.6120601844168472,0.44574843255855545
2024-01-30 09:00:00,78,0,0.31666666666666665,0.8232716092885479,-0.35212892467573964
2024-01-30 10:00:00,33,1,0.5566666666666666,0.669808041637343,-1.2806146097403082
2024-01-30 11:00:00,32,0,0.2375,1.1718398132724452,-0.29454314507520024
2024-01-30 12:00:00,38,0,0.475,-0.17820404460283246,1.2872986922549388
2024-01-30 13:00:00,4,0,0.5277777777777778,-0.9504757858448168,-2.3612344161235126
2024-01-30 14:00:00,49,1,0.7625,0.007060028280709488,-0.642457688894623
2024-01-30 15:00:00,83,1,0.7888888888888889,0.17928039753528544,-0.0026144178666096087
2024-01-30 16:00:00,50,1,0.715,-1.1366831828854367,-1.4398373509689137
2024-01-30 17:00:00,49,1,0.7625,1.2703790649155728,1.5923845368018101
2024-01-30 18:00:00,49,0,0.7124999999999999,-2.1198035667095025,-0.18564895927868286
2024-01-30 19:00:00,24,1,0.6545454545454545,0.5743449288724014,0.3173491493136018
2024-01-30 20:00:00,10,0,0.35624999999999996,1.111601926409665,-0.788842131817466
2024-01-30 21:00:00,92,0,0.6333333333333333,-0.5531579200627205,-0.6107157568134532
2024-01-30 22:00:00,78,0,0.31666666666666665,-1.685998103259397,-0.11762264624504833
2024-01-30 23:00:00,73,0,0.475,-0.16246128126548476,-0.4773225880525677
2024-01-31 00:00:00,5,0,0.5428571428571428,-0.1907172899163495,-0.553791747680908
2024-01-31 01:00:00,42,1,0.6607142857142858,-0.4455152900326994,-0.9233496794210696
2024-01-31 02:00:00,0,0,0.39117647058823524,-1.2381874444279397,0.5940436601043373
2024-01-31 03:00:00,34,1,1.0,2.902783371122064,-1.4854157047125685
2024-01-31 04:00:00,9,1,0.6607142857142858,-0.14344635392619773,1.1663126110975364
2024-01-31 05:00:00,7,1,0.36666666666666664,-0.617768125755908,0.36960590861290027
2024-01-31 06:00:00,46,0,0.6,-0.5782423770921399,-0.23702474641110272
2024-01-31 07:00:00,28,1,0.7285714285714286,0.5207485346545585,0.5923430447066382
2024-01-31 08:00:00,97,0,0.31666666666666665,0.06816293145550302,-1.3315245517718755
2024-01-31 09:00:00,71,0,0.25909090909090904,-1.3958152785826539,-0.18061016043975517
2024-01-31 10:00:00,35,0,0.5428571428571428,-0.5132336944879625,-1.1083127040226697
2024-01-31 11:00:00,7,0,0.31666666666666665,0.36629829843673584,-0.0749866546142186
2024-01-31 12:00:00,64,0,0.475,-0.4971360944125516,-0.6498603664237792
2024-01-31 13:00:00,37,1,0.5566666666666666,0.7923821874017702,-1.1700647083677906
2024-01-31 14:00:00,37,0,0.5066666666666666,0.3132441025989579,-1.0598381318745174
2024-01-31 15:00:00,59,0,0.57,0.9462662062414845,0.28367219375571073
2024-01-31 16:00:00,40,1,0.7964285714285714,0.7631427200759436,-0.778091185518006
2024-01-31 17:00:00,73,0,0.475,0.4403599720315692,-1.2510397569589418
2024-01-31 18:00:00,87,1,0.5928571428571429,1.5542083941835079,0.08895265960083637
2024-01-31 19:00:00,74,0,0.15833333333333333,-1.4205212336531645,0.361634606794935
2024-01-31 20:00:00,98,1,0.7285714285714286,-1.5847016322404568,-0.16255997706830438
2024-01-31 21:00:00,29,1,0.4458333333333333,-0.8620578528471442,-1.333824544872329
2024-01-31 22:00:00,30,1,0.6833333333333333,-0.39014490659938045,1.11076598502373
2024-01-31 23:00:00,32,1,0.2875,-0.24422891381091236,-0.08148127811858995
2024-02-01 00:00:00,18,0,0.475,-1.8580288323403655,1.3923617657669816
2024-02-01 01:00:00,15,0,0.5277777777777778,1.3112537986611792,-0.13579257485716728
2024-02-01 02:00:00,18,0,0.475,-0.034153792716865077,0.9044495678231469
2024-02-01 03:00:00,72,1,0.740909090909091,0.1499123170474679,-1.6872849399671828
2024-02-01 04:00:00,50,1,0.715,-1.172645868005215,-0.3924927871019828
2024-02-01 05:00:00,26,0,0.3694444444444444,-0.3057048644324431,-0.47940089484530707
2024-02-01 06:00:00,65,1,0.5928571428571429,-0.45938395606431087,1.7354108230501626
2024-02-01 07:00:00,48,0,0.31666666666666665,0.22230889725624442,-0.5980998088726244
2024-02-01 08:00:00,0,0,0.39117647058823524,1.0345369639652735,-1.2650380993698709
2024-02-01 09:00:00,89,0,0.5541666666666667,0.025998065248818963,-0.5641638279686274
2024-02-01 10:00:00,37,0,0.5066666666666666,-0.8359414797457463,-0.7807358345767783
2024-02-01 11:00:00,0,0,0.39117647058823524,0.2852798801893657,-0.057423017753359486
2024-02-01 12:00:00,18,1,0.525,0.09364042980737079,-1.0237853943188435
2024-02-01 13:00:00,85,0,0.2375,-0.9350750053519268,-0.9831238024889111
2024-02-01 14:00:00,64,1,0.525,-0.05326918123279148,0.7196713819651418
2024-02-01 15:00:00,73,1,0.525,-1.8006265314628367,-2.2876889960650746
2024-02-01 16:00:00,33,1,0.5566666666666666,-0.028964694695172294,0.6874458416283259
2024-02-01 17:00:00,64,0,0.475,-2.973776717375659,0.9357643288577034
2024-02-01 18:00:00,30,1,0.6833333333333333,-0.48865295343031767,0.9313799979581813
2024-02-01 19:00:00,40,0,0.7464285714285713,0.733887703077363,-1.6843106428687924
2024-02-01 20:00:00,16,0,0.21923076923076923,-0.6096792616995059,-1.5068773380377312
2024-02-01 21:00:00,62,0,0.6107142857142858,0.13169787924576135,-0.15933353003503048
2024-02-01 22:00:00,60,1,0.7625,0.17224345386772463,0.02703981907616904
2024-02-01 23:00:00,94,1,0.64375,-0.28468969944415173,-1.5967067052369857
2024-02-02 00:00:00,67,1,0.7285714285714286,-1.280138006097886,1.0787571282023816
2024-02-02 01:00:00,9,1,0.6607142857142858,-1.2873085180963404,1.660556182113409
2024-02-02 02:00:00,26,0,0.3694444444444444,-0.8726524924380595,-0.6578757724619958
2024-02-02 03:00:00,6,1,0.6833333333333333,0.3540640156687037,-0.3747809540873004
2024-02-02 04:00:00,28,1,0.7285714285714286,0.937878995401157,1.7723450308929962
2024-02-02 05:00:00,34,1,1.0,-1.052715709401486,0.30215867738983937
2024-02-02 06:00:00,94,0,0.59375,-0.7163097629391751,0.2876259924234804
2024-02-02 07:00:00,10,1,0.40624999999999994,-0.42904295819296684,0.16492693857818727
2024-02-02 08:00:00,51,1,0.64375,1.3623407029209853,-2.0302394040536256
2024-02-02 09:00:00,91,0,0.42222222222222217,-0.6756008925510238,-1.0423263123719875
2024-02-02 10:00:00,30,0,0.6333333333333333,0.9708747389108918,1.298365589869183
2024-02-02 11:00:00,78,0,0.31666666666666665,-0.43910708858890185,-1.17179996409418
2024-02-02 12:00:00,33,0,0.5066666666666666,-0.3761282485638052,1.0759657139341605
2024-02-02 13:00:00,15,0,0.5277777777777778,-0.5721704060816404,0.6151077438728239
2024-02-02 14:00:00,58,1,0.43,-0.22928527444805624,-0.9047675072062269
2024-02-02 15:00:00,37,1,0.5566666666666666,-1.1377081875196926,0.7494954791566567
2024-02-02 16:00:00,0,1,0.4411764705882352,-0.17158487654872495,0.5110467941024153
2024-02-02 17:00:00,41,0,0.38,-1.001295090946598,1.9007645089575194
2024-02-02 18:00:00,39,1,0.7625,-0.11394089347066731,0.1527160712297633
2024-02-02 19:00:00,95,1,0.62,-1.952222205313483,0.14897956257419823
2024-02-02 20:00:00,85,0,0.2375,-0.7150733505605669,-1.1215112855130498
2024-02-02 21:00:00,32,0,0.2375,-0.3571686139747487,1.9256125935076778
2024-02-02 22:00:00,74,1,0.20833333333333331,-0.5412397290574541,-2.213588354949047
2024-02-02 23:00:00,48,0,0.31666666666666665,-1.9217451711408577,0.120205772806097
2024-02-03 00:00:00,90,0,0.19,0.1018107221533216,0.36509240359537726
2024-02-03 01:00:00,52,1,0.4458333333333333,-1.5944923325430922,0.42941075312733645
2024-02-03 02:00:00,8,1,0.6833333333333333,1.9832969640566072,0.4465830521436085
2024-02-03 03:00:00,78,0,0.31666666666666665,1.2762975934768706,-0.07921873825577205
2024-02-03 04:00:00,67,1,0.7285714285714286,1.782238316467859,1.6242449670228447
2024-02-03 05:00:00,86,1,0.62,-0.06746204724199024,1.148968642552196
2024-02-03 06:00:00,71,1,0.309090909090909,-1.991287402139044,0.9890297228846234
2024-02-03 07:00:00,67,0,0.6785714285714286,1.7717885136651936,2.4428132246220446
2024-02-03 08:00:00,36,1,0.6545454545454545,0.16575894758422907,-0.6954792688812168
2024-02-03 09:00:00,36,1,0.6545454545454545,1.7806751228475974,-0.21265956429489213
2024-02-03 10:00:00,38,1,0.525,1.2153695283339805,0.18399910057411448
2024-02-03 11:00:00,22,1,0.525,0.3336509130750531,-1.3559549118272083
2024-02-03 12:00:00,70,0,0.285,-1.0480898314086153,1.2078758784608108
2024-02-03 13:00:00,39,1,0.7625,-0.915483000318418,-0.42252642828927445
2024-02-03 14:00:00,96,0,0.475,-0.2515075503552605,0.10451920044385313
2024-02-03 15:00:00,57,0,0.7124999999999999,0.042866035667830864,0.40011906277920073
2024-02-03 16:00:00,30,1,0.6833333333333333,-0.15347421493822966,-0.016802597737152515
2024-02-03 17:00:00,76,0,0.34545454545454546,0.2711460007159434,-0.9840228215586994
2024-02-03 18:00:00,45,1,0.5681818181818181,1.4366853895498006,0.31821221194131777
2024-02-03 19:00:00,95,1,0.62,1.829828397769726,-1.1366822175321127
2024-02-03 20:00:00,80,0,0.31666666666666665,-1.661335143262139,0.027615640568375704
2024-02-03 21:00:00,87,0,0.5428571428571428,0.47249075794133166,-0.41869459630725886
2024-02-03 22:00:00,96,0,0.475,0.9762768440639474,0.5834190815782284
2024-02-03 23:00:00,78,1,0.36666666666666664,0.14106908357214293,0.5307486640122373
2024-02-04 00:00:00,94,1,0.64375,0.5196835850055127,-0.2943469477009607
2024-02-04 01:00:00,90,1,0.24,-0.6743625041844628,0.6238602394347081
2024-02-04 02:00:00,15,0,0.5277777777777778,0.09065448072849377,0.6900999315951117
2024-02-04 03:00:00,69,1,0.6545454545454545,-0.14229001529051022,0.6507631411029443
2024-02-04 04:00:00,55,1,0.7285714285714286,-0.70153235592225,-1.4495966074671116
2024-02-04 05:00:00,94,1,0.64375,-0.49699823883358896,-2.5696727335730745
2024-02-04 06:00:00,75,1,0.6041666666666667,0.4304388564081436,-0.07567201036750378
2024-02-04 07:00:00,51,1,0.64375,-0.3353067976306633,-2.2630674445249634
2024-02-04 08:00:00,63,1,1.0,-0.06483971368367947,0.30288309677363434
2024-02-04 09:00:00,9,0,0.6107142857142858,-0.2097599642124896,-1.526191711077791
2024-02-04 10:00:00,35,1,0.5928571428571429,-0.46000004304538017,0.4183045989984366
2024-02-04 11:00:00,72,0,0.6909090909090909,-1.106818229252676,-1.185504952020294
2024-02-04 12:00:00,42,1,0.6607142857142858,-1.270788078503744,-2.051935223012458
2024-02-04 13:00:00,94,1,0.64375,0.16814874159013254,-2.021433016775556
2024-02-04 14:00:00,65,0,0.5428571428571428,-0.4070816490393077,0.18407975667167983
2024-02-04 15:00:00,3,0,0.42222222222222217,-1.239222383834577,-2.0745593781628346
2024-02-04 16:00:00,15,1,0.5777777777777778,-0.5675475480457912,0.5875436819110238
2024-02-04 17:00:00,62,0,0.6107142857142858,0.4043415676453417,0.20005568332235454
2024-02-04 18:00:00,79,1,0.7625,0.5101534907769493,1.4182119367696864
2024-02-04 19:00:00,30,1,0.6833333333333333,-1.6538234735707218,1.351922396735068
2024-02-04 20:00:00,39,1,0.7625,0.5504052244633417,1.4645263612142263
2024-02-04 21:00:00,40,1,0.7964285714285714,-1.876941499319547,-1.193637951056452
2024-02-04 22:00:00,24,1,0.6545454545454545,-0.6098836052322573,-0.4657831749168138
2024-02-04 23:00:00,91,1,0.47222222222222215,0.8629074833132019,0.7804304846442311
2024-02-05 00:00:00,50,0,0.6649999999999999,-1.0694228480496535,-0.518428225817228
2024-02-05 01:00:00,33,0,0.5066666666666666,0.9100345785669174,0.12267083589869875
2024-02-05 02:00:00,93,0,0.475,0.12323464735772062,-1.35998712498684
2024-02-05 03:00:00,62,1,0.6607142857142858,1.8849435978256917,0.496672720230645
2024-02-05 04:00:00,0,1,0.4411764705882352,1.5941294318659374,0.02062675865726689
2024-02-05 05:00:00,42,1,0.6607142857142858,0.38272452113505867,-1.1062721696073359
2024-02-05 06:00:00,67,0,0.6785714285714286,-0.2381479782606762,1.2999301032291284
2024-02-05 07:00:00,92,1,0.6833333333333333,1.2914517387225455,-1.1742148154877814
2024-02-05 08:00:00,51,0,0.59375,0.3702064330821861,0.5723018878512816
2024-02-05 09:00:00,36,1,0.6545454545454545,0.770611852402071,1.1370762145587259
2024-02-05 10:00:00,32,0,0.2375,0.5187412458627955,-0.04120359933984636
2024-02-05 11:00:00,9,0,0.6107142857142858,0.28540028633517334,-0.08613917274667778
2024-02-05 12:00:00,9,1,0.6607142857142858,-1.0870852105034365,1.0469902778087685
2024-02-05 13:00:00,41,1,0.43,0.9224807011498842,1.3724690492785185
2024-02-05 14:00:00,78,0,0.31666666666666665,-0.6072253186295397,-0.08650152985431522
2024-02-05 15:00:00,40,0,0.7464285714285713,1.4433183911259149,-0.6598904411753358
2024-02-05 16:00:00,13,1,0.525,-0.5291689420258414,-1.1682466913852572
2024-02-05 17:00:00,88,1,0.5681818181818181,0.12957522340435745,-0.7044879214088364
2024-02-05 18:00:00,81,1,0.4571428571428571,1.5399420635286831,1.5646122685506272
2024-02-05 19:00:00,33,1,0.5566666666666666,0.42124904441761857,-1.8323260078668306
2024-02-05 20:00:00,33,1,0.5566666666666666,-0.8236041979299326,-0.7227439681861035
2024-02-05 21:00:00,29,0,0.3958333333333333,0.9855135741092018,-1.440386567628199
2024-02-05 22:00:00,14,1,0.48846153846153845,-0.05950409830095784,-0.9994551396008856
2024-02-05 23:00:00,40,1,0.7964285714285714,0.7363297379155773,0.07110424191533836
2024-02-06 00:00:00,47,1,0.36666666666666664,-0.42310282978153557,-0.11272092897122697
2024-02-06 01:00:00,69,1,0.6545454545454545,0.29606280921832173,-0.4559346467864371
2024-02-06 02:00:00,18,0,0.475,1.562709275299761,0.042773956140126954
2024-02-06 03:00:00,42,1,0.6607142857142858,-0.00252738736488463,0.1778211228065628
2024-02-06 04:00:00,1,0,0.43181818181818177,2.258815777966614,-1.620673037443094
2024-02-06 05:00:00,52,1,0.4458333333333333,1.3183501906867248,0.10174763855210514
2024-02-06 06:00:00,41,0,0.38,0.6183044415587386,-0.822979657864352
2024-02-06 07:00:00,71,1,0.309090909090909,0.10613158854957655,-0.6953342531769674
2024-02-06 08:00:00,57,1,0.7625,-0.55411812643677,-0.6253591646253164
2024-02-06 09:00:00,2,1,0.5777777777777778,0.6830087197213822,-1.3222216108290956
2024-02-06 10:00:00,13,1,0.525,0.03699138665061463,-1.8942455317739046
2024-02-06 11:00:00,13,1,0.525,0.3490955547853162,-0.17058849796998088
2024-02-06 12:00:00,82,0,0.19,1.1907939341286027,0.42031022187023664
2024-02-06 13:00:00,72,1,0.740909090909091,-0.4273680912140522,-0.5407155563852261
2024-02-06 14:00:00,16,1,0.2692307692307692,0.580077701884169,-1.4197144163336173
2024-02-06 15:00:00,90,0,0.19,-2.019329892200996,0.314655136789513
2024-02-06 16:00:00,53,1,0.4571428571428571,1.281219888019985,1.2038595356452004
2024-02-06 17:00:00,86,0,0.57,-1.2700476115939385,-0.13928974931736635
2024-02-06 18:00:00,20,0,0.43846153846153846,-0.09258942338037028,1.7136153692586416
2024-02-06 19:00:00,70,0,0.285,0.3282544738101332,-0.3508522656473716
2024-02-06 20:00:00,64,0,0.475,0.3696973541488713,0.23695263150593301
2024-02-06 21:00:00,98,1,0.7285714285714286,0.4516207460029741,-0.1557681360002043
2024-02-06 22:00:00,43,1,0.6545454545454545,0.5314240038211964,0.7651470895983798
2024-02-06 23:00:00,85,1,0.2875,2.0733948580811488,0.44267623319454413
2024-02-07 00:00:00,6,1,0.6833333333333333,1.339627726304564,0.9049452475983887
2024-02-07 01:00:00,69,1,0.6545454545454545,0.6857476350806772,0.14402141404298682
2024-02-07 02:00:00,56,1,0.525,-1.8678675927680242,0.9051281193547468
2024-02-07 03:00:00,64,1,0.525,-0.5315219241951155,0.9151182417701539
2024-02-07 04:00:00,79,1,0.7625,1.6319293621081006,-0.20928267237000586
2024-02-07 05:00:00,85,1,0.2875,-2.1074308932448007,-0.44343172781163936
2024-02-07 06:00:00,7,0,0.31666666666666665,-0.515903375491901,-1.926576226188047
2024-02-07 07:00:00,88,0,0.5181818181818181,-0.6936401279349796,1.1266999630774235
2024-02-07 08:00:00,46,1,0.65,2.093162655810762,0.27240119854093137
2024-02-07 09:00:00,27,1,0.41538461538461535,-0.5244890536546931,-0.9112774665814929
2024-02-07 10:00:00,6,1,0.6833333333333333,0.08787093104729264,0.5516814577169427
2024-02-07 11:00:00,85,0,0.2375,-0.6765085985485735,1.7333547006415253
2024-02-07 12:00:00,71,0,0.25909090909090904,-1.5799788727853545,0.588559689239625
2024-02-07 13:00:00,58,1,0.43,0.03440199244182294,0.7190243231372544
2024-02-07 14:00:00,4,1,0.5777777777777778,-0.796540096720543,1.0957259226354839
2024-02-07 15:00:00,0,0,0.39117647058823524,-0.9868986519162469,0.4482803641096845
2024-02-07 16:00:00,29,0,0.3958333333333333,-0.18307049553782745,1.1167568503467613
2024-02-07 17:00:00,19,0,0.2375,-0.7580191119376577,-0.5713617241393997
2024-02-07 18:00:00,75,0,0.5541666666666667,-0.4058509197500508,-0.17994418500312578
2024-02-07 19:00:00,77,0,0.57,-0.9948066836487609,-1.5219620387746635
2024-02-07 20:00:00,20,0,0.43846153846153846,-0.374459033771729,-0.319662025469496
2024-02-07 21:00:00,34,1,1.0,0.1419518970300534,-0.1862402309734701
2024-02-07 22:00:00,5,1,0.5928571428571429,-0.4349405181391845,-0.44094110176151985
2024-02-07 23:00:00,84,1,0.7625,0.8346054472355718,-0.2840674757449855
2024-02-08 00:00:00,4,0,0.5277777777777778,-0.24753969279866542,-1.7074204192520614
2024-02-08 01:00:00,60,1,0.7625,1.1011048251385855,-0.06167662677047806
2024-02-08 02:00:00,61,1,0.24,0.191741563779985,1.012608096454167
2024-02-08 03:00:00,98,0,0.6785714285714286,-0.8341968992635439,0.8967733675184971
2024-02-08 04:00:00,44,0,0.43846153846153846,1.2590928407799236,-0.09056928102658578
2024-02-08 05:00:00,76,0,0.34545454545454546,0.18814233622114157,0.7362559794270106
2024-02-08 06:00:00,26,0,0.3694444444444444,1.450765352778919,-0.21774563878241018
2024-02-08 07:00:00,9,1,0.6607142857142858,1.5325681503654094,0.6132832187233667
2024-02-08 08:00:00,82,0,0.19,-0.5364442094602472,0.43080785791450094
2024-02-08 09:00:00,83,1,0.7888888888888889,0.651406820828607,-0.0958518068235701
2024-02-08 10:00:00,92,1,0.6833333333333333,-0.6741832690293891,-1.8140184480081274
2024-02-08 11:00:00,66,1,1.0,-0.5704455960212849,-2.1578943453766364
2024-02-08 12:00:00,11,0,0.57,-0.8275310762444251,0.555487644485774
2024-02-08 13:00:00,22,1,0.525,1.8232736121629922,-0.9877034290983614
2024-02-08 14:00:00,56,1,0.525,1.5163466037708806,0.7224069110918957
2024-02-08 15:00:00,51,1,0.64375,1.4880943373817828,1.994997529413818
2024-02-08 16:00:00,9,1,0.6607142857142858,-1.2666600932446757,0.7759806333269238
2024-02-08 17:00:00,16,0,0.21923076923076923,0.6129223067039905,-0.22136835651770068
2024-02-08 18:00:00,62,0,0.6107142857142858,-0.34810666971351767,0.9775502785862218
2024-02-08 19:00:00,37,0,0.5066666666666666,-0.6234022785393996,1.5816968809499756
2024-02-08 20:00:00,90,0,0.19,-0.11467528840698736,-0.03364286352129842
2024-02-08 21:00:00,74,0,0.15833333333333333,0.23636674899684085,1.2167839818406272
2024-02-08 22:00:00,46,0,0.6,0.13192454009836524,0.2603753581673624
2024-02-08 23:00:00,45,0,0.5181818181818181,-1.025566939971789,0.4802537486740129
2024-02-09 00:00:00,10,1,0.40624999999999994,-0.29727330117813705,-1.0629456003334614
2024-02-09 01:00:00,66,1,1.0,0.7504581581949838,-0.2432204633332575
2024-02-09 02:00:00,81,1,0.4571428571428571,1.527195654082608,-0.7866183945541523
2024-02-09 03:00:00,89,1,0.6041666666666667,0.5499644533631322,-0.29503749691102504
2024-02-09 04:00:00,23,1,0.6833333333333333,-0.4850848356146159,-0.6839394135430701
2024-02-09 05:00:00,70,0,0.285,1.8526095816628252,0.7493591902736813
2024-02-09 06:00:00,37,1,0.5566666666666666,0.9112617665592121,-1.066986804520454
2024-02-09 07:00:00,9,1,0.6607142857142858,-0.2140731808407175,-0.7172351493231804
2024-02-09 08:00:00,14,1,0.48846153846153845,-1.3117293903685188,0.2822618595941803
2024-02-09 09:00:00,41,1,0.43,-1.9362390165733292,-0.3526173322943589
2024-02-09 10:00:00,1,0,0.43181818181818177,1.6771480959814828,-0.6211326549105125
2024-02-09 11:00:00,31,0,0.6333333333333333,0.9867531411396279,1.202894343204212
2024-02-09 12:00:00,48,0,0.31666666666666665,-0.28276190162938364,-0.29930342104448027
2024-02-09 13:00:00,47,0,0.31666666666666665,0.39051263141023457,1.4124274007597417
2024-02-09 14:00:00,87,1,0.5928571428571429,-1.0663782579399514,-1.0358640307656148
2024-02-09 15:00:00,89,1,0.6041666666666667,1.1557349409071005,-2.8914674468958
2024-02-09 16:00:00,39,0,0.7124999999999999,-0.8814052819005003,0.06003277436342305
2024-02-09 17:00:00,34,1,1.0,-0.952586561467806,0.11830087570545833
2024-02-09 18:00:00,97,1,0.36666666666666664,1.287433179230036,1.512181174357457
2024-02-09 19:00:00,74,0,0.15833333333333333,-0.799952655819374,-0.9877532358660084
2024-02-09 20:00:00,16,0,0.21923076923076923,-0.046413144171154774,0.17294361721710788
2024-02-09 21:00:00,46,1,0.65,1.153926496571653,-1.0803761071043392
2024-02-09 22:00:00,58,0,0.38,0.23014622444070665,0.3822882141339708
2024-02-09 23:00:00,83,1,0.7888888888888889,1.2146297273732056,0.9755825082193017
2024-02-10 00:00:00,51,1,0.64375,-1.0547225850302764,0.2335018044189932
2024-02-10 01:00:00,23,0,0.6333333333333333,-0.059055313042704734,-0.7767824682211552
2024-02-10 02:00:00,95,1,0.62,0.8343282355817956,0.30120136872064396
2024-02-10 03:00:00,52,0,0.3958333333333333,0.34261242068664033,1.4543024177777986
2024-02-10 04:00:00,55,1,0.7285714285714286,0.12833670673312558,0.8814411764195805
2024-02-10 05:00:00,63,1,1.0,-0.3367444412510734,-0.5826005341955032
2024-02-10 06:00:00,94,1,0.64375,-0.2382896897963913,-1.2928570783289215
2024-02-10 07:00:00,37,1,0.5566666666666666,-0.43194033633824175,0.032258545970843655
2024-02-10 08:00:00,86,1,0.62,0.6756525521138276,0.8355993283647187
2024-02-10 09:00:00,56,1,0.525,-1.1153284408806377,0.2560851272920285
2024-02-10 10:00:00,88,1,0.5681818181818181,-0.04167552654181617,-0.7854883693118355
2024-02-10 11:00:00,29,0,0.3958333333333333,0.42478464299664204,-0.8597254378860528
2024-02-10 12:00:00,87,1,0.5928571428571429,-0.20376353100127081,0.6868578290186721
2024-02-10 13:00:00,98,0,0.6785714285714286,0.707414000544023,-0.10097612048240379
2024-02-10 14:00:00,50,1,0.715,-0.6404558715191946,-1.220787069822813
2024-02-10 15:00:00,68,1,0.47222222222222215,0.9162591131678781,-0.783597522776706
2024-02-10 16:00:00,82,1,0.24,1.3735838377478742,0.521293195560917
2024-02-10 17:00:00,62,0,0.6107142857142858,-0.5993619960982114,0.40543018230088473
2024-02-10 18:00:00,93,1,0.525,-0.6259566451098216,-0.48349144288602025
2024-02-10 19:00:00,93,1,0.525,-1.540408757330386,0.48992810760831523
2024-02-10 20:00:00,17,1,0.33499999999999996,0.2821996503457501,-0.3266584619503036
2024-02-10 21:00:00,44,0,0.43846153846153846,2.130897869040065,-1.1974068875416275
2024-02-10 22:00:00,80,1,0.36666666666666664,-0.3148767374168518,0.9006234215001679
2024-02-10 23:00:00,98,1,0.7285714285714286,-0.04608323702023832,-0.28447782565000707
2024-02-11 00:00:00,90,1,0.24,-1.7974356733147057,-0.4511123990928594
2024-02-11 01:00:00,9,0,0.6107142857142858,-0.7199883547077675,1.8611827391349993
2024-02-11 02:00:00,81,0,0.4071428571428571,0.9022587466235515,1.2164104470133348
2024-02-11 03:00:00,98,1,0.7285714285714286,1.1049513848494625,0.32732331317267893
2024-02-11 04:00:00,12,0,0.31666666666666665,0.918704234587448,-1.387170192186655
2024-02-11 05:00:00,71,1,0.309090909090909,1.2469014522585056,0.8321352232473324
2024-02-11 06:00:00,46,0,0.6,-0.23100783062225022,-0.013479980527958972
2024-02-11 07:00:00,57,1,0.7625,-0.42931495743444925,-0.5581001605120266
2024-02-11 08:00:00,96,0,0.475,1.9131941083053436,-1.8440343420046097
2024-02-11 09:00:00,35,0,0.5428571428571428,-0.767729408446127,1.7998056909726696
2024-02-11 10:00:00,27,0,0.36538461538461536,-0.07798835841589828,-1.3302092349809098
2024-02-11 11:00:00,20,1,0.48846153846153845,-0.08654888294252082,1.4235859790779741
2024-02-11 12:00:00,19,0,0.2375,-0.3813378979001686,0.12523749397327572
2024-02-11 13:00:00,98,1,0.7285714285714286,-0.2185359297058166,-1.0531599017173896
2024-02-11 14:00:00,24,1,0.6545454545454545,-0.21154278243876756,0.5966568678251403
2024-02-11 15:00:00,23,1,0.6833333333333333,0.2937544177034314,-0.8316150410145726
