date,user_id,category,y,te_feature,window_feature,normal_feature
2024-01-01 00:00:00,4,A,1,0.558827416790197,0.5051112766459129,1.0473152860737585
2024-01-01 01:00:00,38,B,1,0.5262804609397543,0.5318112752464235,-1.3976861631184037
2024-01-01 02:00:00,32,C,1,0.3711702083231198,0.5142196515380175,-0.6627014083552638
2024-01-01 03:00:00,21,C,1,0.4103751660965496,0.5216511765143031,1.9229461940665773
2024-01-01 04:00:00,21,A,0,0.5174920415416002,0.4879820600939085,1.1273547616424222
2024-01-01 05:00:00,42,B,1,0.5429384614083056,0.5164790190838534,0.09760399249544019
2024-01-01 06:00:00,4,B,1,0.484008867218254,0.5205742846814869,-0.9405302155012165
2024-01-01 07:00:00,34,A,1,0.602002225659425,0.49446705415532616,-0.5292723066998932
2024-01-01 08:00:00,10,A,1,0.5066283176800521,0.5171908074123234,0.0732753145856964
2024-01-01 09:00:00,4,A,1,0.5076595698728373,0.5173237551714966,0.03752323233959842
2024-01-01 10:00:00,26,C,0,0.5075977864278515,0.49500894757739833,-0.09087092962596285
2024-01-01 11:00:00,48,C,1,0.48812081713848826,0.4835446313545801,-0.03083251408418433
2024-01-01 12:00:00,36,C,0,0.5126440415349223,0.4823174333620346,-0.2143751097051141
2024-01-01 13:00:00,38,C,0,0.47582355104529334,0.5077301108384292,-1.4419787356400129
2024-01-01 14:00:00,35,C,1,0.4991142869144473,0.5125401973757863,-0.5165107421608328
2024-01-01 15:00:00,39,A,1,0.571542317881619,0.49014948339084174,0.9146240539868465
2024-01-01 16:00:00,25,C,0,0.5240954700459622,0.5065317068265219,-1.3683342975511175
2024-01-01 17:00:00,6,A,0,0.6039867777335871,0.5174107407227697,-0.18955551153927852
2024-01-01 18:00:00,41,B,0,0.3888859183527007,0.518363814293306,-0.819753928770844
2024-01-01 19:00:00,22,B,0,0.3575160903052464,0.5370376024024498,0.11135042939811132
2024-01-01 20:00:00,25,B,0,0.5199667879548645,0.5315396166439609,-0.38863318106681816
2024-01-01 21:00:00,18,A,0,0.6230226182994605,0.48597417134486914,1.477393664974669
2024-01-01 22:00:00,9,A,1,0.5126052126606967,0.5396717241907605,0.5065831541902538
2024-01-01 23:00:00,46,C,1,0.3922153302644345,0.49538046990888573,-1.3118031657772113
2024-01-02 00:00:00,39,A,1,0.5685881046867236,0.5268974562490886,0.6712280116136986
2024-01-02 01:00:00,32,A,0,0.6101782749538901,0.5073597325210217,-0.774651856262063
2024-01-02 02:00:00,20,C,0,0.5750868267134317,0.4977570124308607,-0.5769963713775336
2024-01-02 03:00:00,41,A,0,0.5894512422414362,0.46984606280450136,0.3138190201071218
2024-01-02 04:00:00,27,C,1,0.46662126576243124,0.502568709795673,-0.49174741973013475
2024-01-02 05:00:00,22,C,0,0.44055056951247284,0.47481233529388783,0.8928558163229553
2024-01-02 06:00:00,22,B,0,0.4704520826558219,0.5253459847168555,-0.7745100615133954
2024-01-02 07:00:00,11,A,0,0.5486731284421008,0.536335853142785,-0.6189465525913632
2024-01-02 08:00:00,4,A,1,0.5128829683499228,0.4900617802140662,-0.6563708935481088
2024-01-02 09:00:00,27,A,0,0.666074146179528,0.5120394148503854,-0.5656387483550389
2024-01-02 10:00:00,44,B,0,0.5591379381758957,0.4914921695598405,1.099191555547813
2024-01-02 11:00:00,3,A,1,0.620438797814135,0.49343030539726424,0.6287962936103031
2024-01-02 12:00:00,42,B,1,0.4238369981818328,0.5214898940773074,1.709943954012071
2024-01-02 13:00:00,41,A,0,0.6063873298512276,0.5052292347631318,2.2676442038992546
2024-01-02 14:00:00,13,B,0,0.5018608385471842,0.5407929608386203,-1.0307170319323398
2024-01-02 15:00:00,31,A,1,0.5857636448465663,0.4963553504259416,0.07041912732728889
2024-01-02 16:00:00,8,C,1,0.5476903639439048,0.5259867266494898,-1.176200316643433
2024-01-02 17:00:00,37,A,1,0.5954049207794274,0.5079482682591556,-0.7776059277482671
2024-01-02 18:00:00,35,A,0,0.6006370754515804,0.5219155601948847,-0.6300825102556694
2024-01-02 19:00:00,17,A,0,0.5954816778049741,0.49705684685340107,-1.0571548741382744
2024-01-02 20:00:00,3,C,1,0.5022466709918213,0.5050088232489683,-1.0518872728984137
2024-01-02 21:00:00,48,A,0,0.47445580715065444,0.5036900224140213,-0.14428437852025486
2024-01-02 22:00:00,22,B,0,0.47406057194281703,0.48927885770308427,-1.216718418386407
2024-01-02 23:00:00,44,B,1,0.4420699201298329,0.5192416306916351,0.8421269591376328
2024-01-03 00:00:00,33,B,1,0.40588747019028815,0.5190049801115673,-0.9177535374175142
2024-01-03 01:00:00,38,C,0,0.5692979315567571,0.5178710938981114,2.809568970096392
2024-01-03 02:00:00,37,C,1,0.5716568676360011,0.5367393130783529,-0.45138445096439517
2024-01-03 03:00:00,9,B,0,0.5378405480870698,0.534986896024726,0.07201764191705222
2024-01-03 04:00:00,18,C,1,0.4979677714345097,0.4985011062030173,-1.2953411844660352
2024-01-03 05:00:00,23,A,1,0.6311676196839965,0.5134610463686836,1.7060917581276394
2024-01-03 06:00:00,24,C,0,0.4858097596218072,0.49352798621483573,1.1195006808029162
2024-01-03 07:00:00,2,B,1,0.48001938191717813,0.5064671063222911,0.29691587073611253
2024-01-03 08:00:00,27,C,0,0.4305335320686168,0.49400501101762273,-1.3468025487795656
2024-01-03 09:00:00,7,C,1,0.505056665816658,0.538401406182721,0.21066687772462028
2024-01-03 10:00:00,37,C,0,0.4882263970129368,0.5132739630068592,-1.121431046017255
2024-01-03 11:00:00,34,C,0,0.4200744947499927,0.5016394174379115,1.4623552634733608
2024-01-03 12:00:00,46,B,1,0.46731966248145934,0.5298723714371275,0.8091947318531727
2024-01-03 13:00:00,37,A,1,0.5596498854435232,0.46258769180409176,0.09543903848773612
2024-01-03 14:00:00,18,B,0,0.5597575764045212,0.4657179481026942,-2.4363756632473224
2024-01-03 15:00:00,48,A,1,0.608347030062034,0.5219167731043954,-0.9834159786590306
2024-01-03 16:00:00,20,C,1,0.4857793725462893,0.5072093689623474,0.6877611315998724
2024-01-03 17:00:00,16,A,0,0.5760757291264178,0.5110089260052152,1.2128836917231558
2024-01-03 18:00:00,45,A,1,0.5658469825415735,0.479472077933629,1.1091698114921316
2024-01-03 19:00:00,18,A,1,0.5534906643965862,0.5055353257829927,-1.5920130022414554
2024-01-03 20:00:00,3,B,0,0.4157581582028748,0.5460701882080269,0.30155230681290407
2024-01-03 21:00:00,23,B,0,0.4623269241919427,0.5224839923959173,1.0155152164829295
2024-01-03 22:00:00,39,C,1,0.4479021877590903,0.5093941309028562,-1.6583355655822452
2024-01-03 23:00:00,9,B,0,0.40736374112613183,0.4972189217979012,-0.007904515373236347
2024-01-04 00:00:00,23,A,1,0.5891974543637404,0.49810854296261214,0.27384239830845625
2024-01-04 01:00:00,6,A,1,0.5831995966330253,0.46341604221599964,-0.3007645848467349
2024-01-04 02:00:00,34,A,0,0.47430098806795973,0.5111528084184233,-1.8521618554012016
2024-01-04 03:00:00,23,B,0,0.4637452861975328,0.5229096621696371,-0.3256981100737287
2024-01-04 04:00:00,16,C,1,0.5349921698867122,0.4744876134565877,-0.327305430255024
2024-01-04 05:00:00,11,B,0,0.5228407050171052,0.4927716621538637,-0.1480724045477542
2024-01-04 06:00:00,28,C,0,0.5364989427359779,0.4828507073553316,-0.5634714254250696
2024-01-04 07:00:00,33,A,1,0.5655820239814366,0.4866929761038247,-0.4430121532414673
2024-01-04 08:00:00,47,A,1,0.521384097237906,0.507069632536438,-0.0397062823469779
2024-01-04 09:00:00,21,C,1,0.43102215922381293,0.4643119569002305,0.4424546049697111
2024-01-04 10:00:00,8,A,1,0.5808666088738815,0.5182854087671412,-0.3044267628566672
2024-01-04 11:00:00,41,A,1,0.5826003653546218,0.5210771013986737,-0.4096489283680019
2024-01-04 12:00:00,31,B,0,0.5342460736525424,0.5009779482392618,0.09235403825445808
2024-01-04 13:00:00,35,C,1,0.5402060831088201,0.4563858298003092,-1.9209159258951816
2024-01-04 14:00:00,4,C,1,0.47859566776515733,0.4860716274799522,0.4770351272264581
2024-01-04 15:00:00,15,A,1,0.5014260696933202,0.530658038682054,-0.0005630971229588082
2024-01-04 16:00:00,38,C,1,0.4692517707411711,0.4504401143854285,0.039693526597561826
2024-01-04 17:00:00,41,C,0,0.4960686603322422,0.4990495317561296,0.960734307594464
2024-01-04 18:00:00,21,C,1,0.47510293832224576,0.48239998443065485,-1.9528155300482481
2024-01-04 19:00:00,40,C,0,0.4563123951878332,0.5220914060316968,-1.9738338698589637
2024-01-04 20:00:00,42,A,1,0.5762806043848585,0.4924977209571308,0.27380384532351953
2024-01-04 21:00:00,19,C,0,0.46000921352118546,0.5140790804147123,-0.007116855128515773
2024-01-04 22:00:00,44,A,0,0.5322330594500949,0.5173092083833819,0.17017694319193222
2024-01-04 23:00:00,14,C,0,0.5007797423068879,0.5427245167946004,-0.46212707517244556
2024-01-05 00:00:00,11,B,1,0.44977988906582894,0.5019411611264926,0.6643536742399312
2024-01-05 01:00:00,34,C,1,0.49741232004063357,0.5135208873924523,0.93263884299112
2024-01-05 02:00:00,31,B,0,0.4835397192148953,0.47629889041745127,0.48398229395152703
2024-01-05 03:00:00,6,B,0,0.4129080680177104,0.5298082712658749,-0.26082845840458313
2024-01-05 04:00:00,41,B,0,0.44581746187901855,0.4907898230385727,-2.107689387614403
2024-01-05 05:00:00,9,C,0,0.5570959475875391,0.4947849167182451,0.7692362080371281
2024-01-05 06:00:00,40,C,1,0.4271031249550016,0.5055550441030158,1.2217286662175928
2024-01-05 07:00:00,0,A,0,0.45780364118783706,0.474742313093203,0.64455841198398
2024-01-05 08:00:00,39,C,0,0.39211484292959037,0.5105754005785788,-0.8796424273675065
2024-01-05 09:00:00,39,B,0,0.4713350154011226,0.5253493254585002,0.6737943936677578
2024-01-05 10:00:00,39,A,0,0.5651822275379985,0.5118586764699459,0.8605297079614455
2024-01-05 11:00:00,33,B,1,0.4639989753010331,0.4742220487164255,1.5588162477990857
2024-01-05 12:00:00,23,C,1,0.545916592038141,0.5035238141134069,-0.8761099242279576
2024-01-05 13:00:00,35,C,0,0.35156537893656903,0.5208405780595898,-0.22645458454413847
2024-01-05 14:00:00,13,C,1,0.5050037943132571,0.46844022468068186,0.7472720511434552
2024-01-05 15:00:00,39,B,0,0.5479514281624678,0.48450467972364575,0.05741007143815779
2024-01-05 16:00:00,27,C,0,0.42881806234713027,0.5235308720816304,-1.1173276020512748
2024-01-05 17:00:00,22,B,0,0.4508891924827944,0.5114019086839457,0.414616285026703
2024-01-05 18:00:00,25,C,0,0.4475625047302849,0.514239431642535,0.5786616338151667
2024-01-05 19:00:00,28,B,0,0.42516221576841273,0.5431898961524663,0.08796289633100199
2024-01-05 20:00:00,1,A,1,0.5473232633852116,0.5153710555701241,0.21958492717994416
2024-01-05 21:00:00,6,A,1,0.6350106278205888,0.5191577602086636,-0.25870590168573016
2024-01-05 22:00:00,12,A,1,0.6555056974107396,0.5602149105443666,1.4782789357160593
2024-01-05 23:00:00,5,A,0,0.5468394023843562,0.5017239088381902,-0.9006921837126766
2024-01-06 00:00:00,21,B,0,0.5651325287755127,0.4900423447276301,-0.5873207627637789
2024-01-06 01:00:00,33,B,0,0.4716583419215204,0.5145559279649426,0.010985513527525621
2024-01-06 02:00:00,32,A,0,0.6513209149714176,0.5147798205877779,0.8789540277008926
2024-01-06 03:00:00,23,B,0,0.4652145855896146,0.49546569216107583,-1.4973731700945367
2024-01-06 04:00:00,42,B,1,0.4764324093745964,0.48535205960890304,-1.3102967497654392
2024-01-06 05:00:00,28,A,1,0.5819100872685053,0.5521968884418016,-2.037728507734718
2024-01-06 06:00:00,3,B,1,0.628822202040666,0.5125368694077604,0.03269522525327079
2024-01-06 07:00:00,38,B,1,0.5124437968145287,0.4913542923719585,-1.1183058172065439
2024-01-06 08:00:00,28,B,1,0.434516291574716,0.524318606045592,-0.3845501100179167
2024-01-06 09:00:00,31,B,1,0.518329411586082,0.5038170969687733,0.661378189891708
2024-01-06 10:00:00,28,C,0,0.4671154737374989,0.5009423710736434,-0.6415427207828466
2024-01-06 11:00:00,27,A,1,0.5391488544913031,0.5172454574382899,0.23128202274336457
2024-01-06 12:00:00,4,B,1,0.5153095860668947,0.4801623546353662,-0.29933790775172203
2024-01-06 13:00:00,27,B,1,0.4714337974608468,0.5130525440783434,0.6721143150964368
2024-01-06 14:00:00,39,A,1,0.577565159361954,0.5442590961546351,0.4751280673480088
2024-01-06 15:00:00,15,C,0,0.4859063616849806,0.5153235532439462,-0.69193369617461
2024-01-06 16:00:00,30,A,1,0.5804655199666353,0.49847575792433074,-0.16865175340045263
2024-01-06 17:00:00,1,A,0,0.5848846585081711,0.4958578943914352,1.0437433977204944
2024-01-06 18:00:00,17,C,1,0.3883587539564452,0.49779320053309783,0.393376870254097
2024-01-06 19:00:00,21,C,1,0.5185357340221927,0.5009207464390444,-1.3969620577511315
2024-01-06 20:00:00,49,C,1,0.4361061296002009,0.4984438693448346,0.6556180611713827
2024-01-06 21:00:00,10,C,0,0.41309214381374537,0.5243262288214914,-1.0846106224362382
2024-01-06 22:00:00,13,C,1,0.4822865383987818,0.47133581793582036,1.412513069961006
2024-01-06 23:00:00,20,B,1,0.47407856823801187,0.5232400010082426,1.024098839841025
2024-01-07 00:00:00,49,C,0,0.4505317923631019,0.4984062694971488,0.2898854759184008
2024-01-07 01:00:00,42,A,0,0.6051879565197623,0.5135389557139074,0.1572328434361934
2024-01-07 02:00:00,1,B,1,0.4027707597537438,0.48346024179598274,-0.20903225602742
2024-01-07 03:00:00,11,B,1,0.4495323306336612,0.5325726213369887,0.6785239514000281
2024-01-07 04:00:00,41,C,1,0.4559633938450659,0.5309126992034374,-0.37077816946206166
2024-01-07 05:00:00,2,C,1,0.482877737074749,0.5251918105150015,0.23556987063989387
2024-01-07 06:00:00,42,B,0,0.4838227323046511,0.4757049044841292,0.8719343665194511
2024-01-07 07:00:00,14,B,1,0.41948487059111195,0.522582421421321,-0.5618065435255897
2024-01-07 08:00:00,45,A,0,0.599850497509175,0.5140971017527142,-0.6161927399906946
2024-01-07 09:00:00,14,C,1,0.4883572190084509,0.47389457505734867,-1.194365480724459
2024-01-07 10:00:00,21,B,0,0.37528220540669366,0.5055140523245837,-1.0644727461261723
2024-01-07 11:00:00,33,B,1,0.3719499460524376,0.5132906897806653,-1.8283953114415024
2024-01-07 12:00:00,6,C,0,0.4845911359452504,0.5171215054764631,0.7298287890155296
2024-01-07 13:00:00,27,B,1,0.4588311521829715,0.5095452273389771,1.8089145420827708
2024-01-07 14:00:00,25,A,0,0.558465357957632,0.5118246283369476,1.4253289434703056
2024-01-07 15:00:00,39,A,0,0.5622372408098527,0.5354722278450619,-1.6260844886265164
2024-01-07 16:00:00,49,A,1,0.5749143556118727,0.5305206781982136,0.7248546715562
2024-01-07 17:00:00,33,C,0,0.5325895810841309,0.4486589009243451,1.4221063499235564
2024-01-07 18:00:00,20,A,1,0.5080811185904857,0.49965122890324637,-0.456809980738664
2024-01-07 19:00:00,20,A,1,0.5050377839913238,0.502706979449121,0.10144743065004946
2024-01-07 20:00:00,20,B,1,0.41521332517792003,0.4709580285454606,-2.0078930508046704
2024-01-07 21:00:00,40,C,0,0.4996529339501513,0.5078836611646462,0.2667361679766415
2024-01-07 22:00:00,16,B,0,0.5321268870046114,0.5309751554482102,-1.0635597294347174
2024-01-07 23:00:00,8,C,0,0.4636401286797404,0.4842686428081882,0.19963501791151453
2024-01-08 00:00:00,16,C,1,0.36012210838373326,0.5127280187737975,-1.5612029221888803
2024-01-08 01:00:00,1,A,1,0.47843672050584485,0.48768353045407126,0.5428582244775959
2024-01-08 02:00:00,5,C,1,0.4435552644519154,0.49256175952640646,1.0245126754266898
2024-01-08 03:00:00,4,B,1,0.44199307369752844,0.5355478726834008,-0.7831798617151676
2024-01-08 04:00:00,38,B,0,0.44946008670955284,0.4951488435977635,-1.1369225814104345
2024-01-08 05:00:00,36,A,0,0.5655654197854094,0.5152442497802125,-2.156023042549981
2024-01-08 06:00:00,34,B,0,0.45429220153116684,0.46857563767878024,-0.26641353407517704
2024-01-08 07:00:00,23,C,0,0.5376740811188863,0.5432463512278976,-0.5815939342816051
2024-01-08 08:00:00,35,B,0,0.4360786527882207,0.51805304892613,-1.5510194123480547
2024-01-08 09:00:00,8,A,0,0.5205204656625865,0.5023500031469947,0.45301875631217164
2024-01-08 10:00:00,45,B,0,0.49382329499831223,0.5175109301999979,-0.44997038186464916
2024-01-08 11:00:00,25,C,0,0.40842499709540997,0.4778036114210438,-1.0757359586452324
2024-01-08 12:00:00,46,C,1,0.5046916858577161,0.5296506148350532,-0.5545724056404471
2024-01-08 13:00:00,7,A,1,0.5687640228226769,0.4995203044900714,1.0713045389296156
2024-01-08 14:00:00,24,C,1,0.4778349760958076,0.5019186096990313,0.6029369437552222
2024-01-08 15:00:00,34,C,0,0.5646209059491791,0.49616688770069034,-0.13002606149848983
2024-01-08 16:00:00,24,A,0,0.5325259913716277,0.4943869719450883,0.6191050184648526
2024-01-08 17:00:00,22,C,0,0.5882220091179199,0.5198934122325681,-1.160911956386739
2024-01-08 18:00:00,8,B,0,0.4586079456108842,0.5111181370020844,0.03237010072703053
2024-01-08 19:00:00,19,B,1,0.40602869582377776,0.5190349628280608,0.14732233048647056
2024-01-08 20:00:00,11,B,1,0.4733754971220304,0.5058241062102886,-0.4698365084987269
2024-01-08 21:00:00,15,C,0,0.43139484057577754,0.5162639962215436,0.43545833595741784
2024-01-08 22:00:00,34,C,0,0.44761930820104096,0.49762302512149925,-0.7804334546444512
2024-01-08 23:00:00,31,C,0,0.5050587655924905,0.550594636828191,0.5098207077761179
2024-01-09 00:00:00,30,C,0,0.5129862050242222,0.47464139167139,0.5518587715312919
2024-01-09 01:00:00,18,C,1,0.45409871557900305,0.5312187464712597,-2.917159880697066
2024-01-09 02:00:00,47,A,1,0.6130066208886836,0.5333581490144195,1.1903057035101177
2024-01-09 03:00:00,4,A,1,0.6215117515374203,0.4889568238806881,-3.047632565352754
2024-01-09 04:00:00,17,C,1,0.5570221884198805,0.5505854722111194,-0.6160490255561253
2024-01-09 05:00:00,5,B,1,0.49635018842857526,0.5259098056589063,1.025348034257755
2024-01-09 06:00:00,16,A,1,0.6318077992406486,0.5254227801364583,-0.31728672525244067
2024-01-09 07:00:00,48,A,1,0.4695964422376607,0.5065604437405176,-1.466185982469542
2024-01-09 08:00:00,18,B,1,0.45398419064086604,0.5016554768356265,-1.0937370617166706
2024-01-09 09:00:00,45,B,0,0.42652925525611785,0.5018118234592078,1.0269057463206197
2024-01-09 10:00:00,24,A,1,0.5695976566927332,0.5138106119263903,-1.9215045305486382
2024-01-09 11:00:00,34,A,1,0.5350639026765267,0.5340237255006779,1.1289911009620173
2024-01-09 12:00:00,22,A,1,0.555328471538877,0.5096262843572283,-0.05510209904228934
2024-01-09 13:00:00,13,B,1,0.5639882620824916,0.4877711275372542,-1.1923953304424335
2024-01-09 14:00:00,38,A,1,0.5551503738153447,0.5224885412476996,-0.5831150723026911
2024-01-09 15:00:00,48,B,1,0.49056913393179985,0.5244230149278959,-1.0172243411016413
2024-01-09 16:00:00,13,B,0,0.4582660515760774,0.5190931905689558,0.8662252008585286
2024-01-09 17:00:00,38,B,1,0.47366518247013084,0.5209099781304997,0.7324278097628383
2024-01-09 18:00:00,13,C,1,0.48550793461351954,0.5005814373968438,-1.7191611338760466
2024-01-09 19:00:00,35,B,1,0.4922957213709471,0.48742021665738844,-0.4035921185193341
2024-01-09 20:00:00,39,C,0,0.5434724773690748,0.4886361313871844,-0.8631856623442771
2024-01-09 21:00:00,22,C,1,0.5675768004718824,0.47329073503084285,1.2935099684593703
2024-01-09 22:00:00,36,C,0,0.5006881046871743,0.510738972230919,-1.350099118126421
2024-01-09 23:00:00,13,C,0,0.5146844448934961,0.5043310243354682,1.604229104685014
2024-01-10 00:00:00,3,B,1,0.4123362926130108,0.4972002459094058,-0.033294739516937566
2024-01-10 01:00:00,4,B,1,0.46548568095150816,0.44688762351309863,-1.1619344063800876
2024-01-10 02:00:00,22,A,1,0.610650836880543,0.4810536506061166,-0.6772741840092779
2024-01-10 03:00:00,45,B,0,0.5131779499931468,0.5284168130280633,-0.8016188407684506
2024-01-10 04:00:00,6,A,1,0.5742168502761161,0.4927074799987374,-1.274618402015506
2024-01-10 05:00:00,22,C,1,0.5295267985701135,0.5132118335531368,0.09482685973037566
2024-01-10 06:00:00,35,C,1,0.5097454360414069,0.4781862914004949,-1.2279155506918433
2024-01-10 07:00:00,10,A,1,0.6236516765493296,0.5347741096471846,-2.1803662087381888
2024-01-10 08:00:00,36,C,0,0.4996750584395715,0.5031194467989065,-0.3796764708481731
2024-01-10 09:00:00,15,A,1,0.5458514478578119,0.5118008079296708,-1.8028561964178826
2024-01-10 10:00:00,40,C,0,0.5019991634383671,0.5525155958376337,-0.7521608680675204
2024-01-10 11:00:00,28,A,1,0.41710664484372484,0.5363288020117881,-0.9091028886033559
2024-01-10 12:00:00,27,B,0,0.4890238048915416,0.49986868757425884,-0.8712160720258142
2024-01-10 13:00:00,8,B,0,0.28745887681154997,0.4941355963025928,2.0009631015901537
2024-01-10 14:00:00,23,C,1,0.39903393022144507,0.49948909976960937,0.05641156716957076
2024-01-10 15:00:00,42,B,1,0.49246794811933836,0.5161979649695307,0.24537100899533215
2024-01-10 16:00:00,0,C,1,0.5090835674550557,0.5038955173149826,-1.7763982963422946
2024-01-10 17:00:00,37,C,1,0.42708566158471944,0.4980951170999306,-0.6539631336369219
2024-01-10 18:00:00,24,A,1,0.5280312615424166,0.5353436250141809,0.21530262994151197
2024-01-10 19:00:00,35,C,0,0.5537341500224225,0.5037158021644432,-1.0245289129130064
2024-01-10 20:00:00,33,C,0,0.46100559401308217,0.5519917818607464,0.9080628435179854
2024-01-10 21:00:00,21,B,0,0.5820255336924385,0.5078148512750434,-1.2026965859010301
2024-01-10 22:00:00,15,C,0,0.48511110793289863,0.5417063678844946,-0.2863661358651756
2024-01-10 23:00:00,31,C,0,0.5056089094357793,0.5131463884542126,-0.5860516399755586
2024-01-11 00:00:00,7,C,1,0.5660508205166463,0.525259211464989,0.16432065938191598
2024-01-11 01:00:00,29,C,1,0.49175845640138693,0.49150777896964554,-0.640490071855426
2024-01-11 02:00:00,4,B,1,0.4197623190377491,0.4889248155482518,-0.27089362707093734
2024-01-11 03:00:00,32,A,0,0.5581499910516491,0.5151941191002998,-0.23613009177798555
2024-01-11 04:00:00,31,C,1,0.4834265637822114,0.5257710648493064,-0.734387757391301
2024-01-11 05:00:00,4,B,1,0.4016424354622109,0.5068051300400093,0.48509386849711267
2024-01-11 06:00:00,37,B,1,0.457087914505248,0.4802721332983261,0.23838837483742528
2024-01-11 07:00:00,20,A,0,0.5265267589364918,0.47879483267421347,-0.0886139452531673
2024-01-11 08:00:00,39,A,0,0.6098542514957354,0.4774572719562752,-0.4304583334619581
2024-01-11 09:00:00,2,A,1,0.5653669573456264,0.47064755774121236,0.796544030519997
2024-01-11 10:00:00,8,C,0,0.4710673131343375,0.5081897071889417,-0.23583424381418136
2024-01-11 11:00:00,24,A,0,0.5583272671052348,0.5285008784341605,-0.3066972878259372
2024-01-11 12:00:00,9,A,0,0.5747924645566719,0.5057316842615038,0.10469002988812601
2024-01-11 13:00:00,16,C,1,0.516047810576205,0.46079170485324294,1.6965866829708507
2024-01-11 14:00:00,33,B,1,0.4198939066388201,0.502184790793309,-1.340356208021204
2024-01-11 15:00:00,7,B,0,0.4178001364412256,0.5027440200673479,0.7698568930553547
2024-01-11 16:00:00,33,C,0,0.5404410613618424,0.5479199750045088,-1.893171161238105
2024-01-11 17:00:00,5,B,1,0.44926267446205265,0.4768572417416089,0.21727315822862395
2024-01-11 18:00:00,8,A,1,0.4927942590065199,0.4981864479480161,1.5750828276087308
2024-01-11 19:00:00,29,C,1,0.5073977360608712,0.5401170536108912,0.48866852446730713
2024-01-11 20:00:00,39,A,0,0.586804853937998,0.5149995668269309,0.1706250785397928
2024-01-11 21:00:00,8,B,1,0.39334375520945386,0.5172662614703285,-0.5604494688030756
2024-01-11 22:00:00,14,C,0,0.4966811863648963,0.5082916887404776,0.03104720048855424
2024-01-11 23:00:00,46,C,1,0.5219862552131347,0.5125988707731453,-0.2520628154033563
2024-01-12 00:00:00,49,B,0,0.48859884065760234,0.5215521906055707,-0.7859766079313554
2024-01-12 01:00:00,29,C,0,0.5168061747797857,0.4898102736221447,-0.28987561547486984
2024-01-12 02:00:00,22,B,0,0.3996660631677517,0.523561171578164,0.19838116062643954
2024-01-12 03:00:00,17,B,0,0.486431525822099,0.47853993966228925,-0.7672170685306403
2024-01-12 04:00:00,30,A,1,0.5485053756628413,0.5125673594566308,-0.8062818206846841
2024-01-12 05:00:00,29,B,0,0.4457400101360569,0.5095748192657266,-1.3602434375921744
2024-01-12 06:00:00,14,B,0,0.5134072985432755,0.49367413823615786,0.3907250260888961
2024-01-12 07:00:00,1,C,0,0.5591708261254275,0.5055462944934871,0.5453232619670604
2024-01-12 08:00:00,7,A,1,0.6533548663663815,0.4935491969466889,0.23166044423651747
2024-01-12 09:00:00,47,C,1,0.5509474941670112,0.48456597346276514,0.9651704927286658
2024-01-12 10:00:00,20,C,1,0.4797203915102068,0.4989277051677271,0.08786763708072752
2024-01-12 11:00:00,24,C,1,0.5028431087430331,0.4839202272925668,0.3920109373657567
2024-01-12 12:00:00,23,B,1,0.5082206616615014,0.512455949281865,0.30383742563756283
2024-01-12 13:00:00,39,A,1,0.5696952611013367,0.4829982901169527,-0.09154001941820787
2024-01-12 14:00:00,3,A,0,0.5701745730319409,0.520239540459821,-0.5308218281296473
2024-01-12 15:00:00,4,C,1,0.5263947571855251,0.4823704186414236,2.214152615791911
2024-01-12 16:00:00,13,C,1,0.48224296829041935,0.4946741016883799,-0.4519509798535085
2024-01-12 17:00:00,24,B,1,0.43341517125360607,0.4935079318356964,-0.6658777111204364
2024-01-12 18:00:00,33,A,0,0.5429127103445707,0.5325029345774968,0.43400982345010697
2024-01-12 19:00:00,24,A,1,0.5953318825230507,0.5126057989123318,0.25185441529500513
2024-01-12 20:00:00,22,B,0,0.47002918263228693,0.5017653239491121,-1.4047915476103274
2024-01-12 21:00:00,46,B,0,0.48689001691570605,0.5159743888213945,1.1226782545637386
2024-01-12 22:00:00,8,A,1,0.5971403257464731,0.4638561530534062,-0.09419457535083331
2024-01-12 23:00:00,28,C,0,0.4664650274468355,0.5051373282071818,-1.1109310952157205
2024-01-13 00:00:00,27,B,0,0.5076919262537795,0.5459502835560952,1.188784114353874
2024-01-13 01:00:00,23,A,1,0.5825784938092833,0.5086469301280535,0.625675571596154
2024-01-13 02:00:00,40,A,0,0.5018957092907896,0.5073582633833867,-1.2645419919479142
2024-01-13 03:00:00,13,B,1,0.5419947576316014,0.516962567592844,1.7771828402577243
2024-01-13 04:00:00,47,C,0,0.46016986340387017,0.5239121048662869,0.6587973683661927
2024-01-13 05:00:00,16,C,0,0.4024523334324568,0.4660506661422028,-0.010196115625046132
2024-01-13 06:00:00,27,B,1,0.417627332592974,0.47235347036417946,1.5902188056217794
2024-01-13 07:00:00,26,A,1,0.5125841056024475,0.5102058258217229,0.15929778382964058
2024-01-13 08:00:00,42,C,0,0.48781576652459263,0.4917024687620498,-0.02808307510403198
2024-01-13 09:00:00,21,B,1,0.4561869927949773,0.5322405052443983,-0.660300116021989
2024-01-13 10:00:00,14,A,1,0.5467947652543339,0.49969651220229555,0.5818504393070786
2024-01-13 11:00:00,1,B,0,0.5008646163464131,0.4673093852857376,0.4766029673239799
2024-01-13 12:00:00,18,A,1,0.5806301316959988,0.4806397216631201,0.014680139889711287
2024-01-13 13:00:00,41,A,0,0.579438757168578,0.4510064796073885,-0.789986353867603
2024-01-13 14:00:00,0,B,1,0.4903709409387238,0.5013174892543417,0.12992985416607386
2024-01-13 15:00:00,44,C,1,0.5160138339918279,0.5022323174547123,-0.06979878576213788
2024-01-13 16:00:00,27,C,1,0.3798094335028438,0.49751074580436205,-1.333474318734201
2024-01-13 17:00:00,7,C,1,0.4669851879784929,0.5275775807805948,-1.4718123513241856
2024-01-13 18:00:00,15,B,0,0.3608690148478155,0.5299703967303339,0.5651533788097695
2024-01-13 19:00:00,27,A,0,0.5654393599762534,0.5025922315328778,-2.601888315051689
2024-01-13 20:00:00,15,B,0,0.4696478694610719,0.4633061266504629,0.20541052696125997
2024-01-13 21:00:00,5,C,1,0.5374837143312,0.5183456316098451,-0.4780830577538245
2024-01-13 22:00:00,33,A,1,0.6230180832724197,0.5171072045701716,1.3082466068799101
2024-01-13 23:00:00,33,C,0,0.4953458530043343,0.512187831403139,-0.49346820915387574
2024-01-14 00:00:00,5,C,1,0.46018904672187094,0.5256295949861624,0.659484214251896
2024-01-14 01:00:00,14,A,1,0.5878944192636505,0.4827034380707792,-0.3969138412377916
2024-01-14 02:00:00,12,C,1,0.4588112187255003,0.5461751077237028,0.11374815348614345
2024-01-14 03:00:00,32,C,0,0.4851374680195485,0.48681144493716266,0.7368365309200512
2024-01-14 04:00:00,36,A,1,0.612943179484402,0.5209844585440171,-0.46255571632458015
2024-01-14 05:00:00,36,A,1,0.5357477963368924,0.47225304611173297,0.996554884498404
2024-01-14 06:00:00,46,B,0,0.5101634500344142,0.48739470625459896,-0.9936978771064832
2024-01-14 07:00:00,38,C,0,0.519077169026331,0.5363273729345067,0.2945928425583791
2024-01-14 08:00:00,16,A,0,0.5158967727798225,0.500782003539983,0.9226397227878528
2024-01-14 09:00:00,5,B,0,0.5185742244831593,0.522798452102656,0.6600374917903349
2024-01-14 10:00:00,30,A,1,0.5985646809049389,0.5107391077743849,1.9164448767354103
2024-01-14 11:00:00,45,B,1,0.474975812440922,0.5039008368799965,-0.7634393173106605
2024-01-14 12:00:00,48,B,1,0.43176334517090653,0.5332770064986538,-1.379149251348588
2024-01-14 13:00:00,11,A,0,0.520676062707585,0.501266823506962,-0.9943351084951194
2024-01-14 14:00:00,11,C,1,0.4583239717465648,0.4703852378487306,0.660442566548437
2024-01-14 15:00:00,1,C,0,0.512336823756314,0.4899351981609659,0.4979229342693786
2024-01-14 16:00:00,7,C,1,0.43742584222164604,0.5170238345740339,0.10225665964741577
2024-01-14 17:00:00,27,A,0,0.585511976067357,0.5139101821272501,-1.12295704910713
2024-01-14 18:00:00,27,A,0,0.501548587192444,0.47465883499529127,0.7668672933290608
2024-01-14 19:00:00,18,A,1,0.5534329344144212,0.491513149611836,-1.2247047776505404
2024-01-14 20:00:00,15,B,0,0.4753619058009896,0.4943655730159551,1.1589495823768998
2024-01-14 21:00:00,41,A,1,0.6858928708893095,0.4986906081177155,2.857438423139865
2024-01-14 22:00:00,23,C,1,0.4163413178156976,0.47848172822796897,0.3664511465715505
2024-01-14 23:00:00,40,C,1,0.5588078289162226,0.4934325778376104,0.5831081356577431
2024-01-15 00:00:00,48,C,1,0.49269922129107996,0.49142779029480943,-0.4928597688955594
2024-01-15 01:00:00,15,A,0,0.5841949595371617,0.5214306651952384,-1.8102133210868163
2024-01-15 02:00:00,10,A,1,0.5695537593057738,0.5221824262198049,-0.6027193630302223
2024-01-15 03:00:00,47,C,0,0.5074434415014776,0.5030837908382236,-1.0928952410987494
2024-01-15 04:00:00,31,A,1,0.5559521084182627,0.49815920408258535,-1.4470045764150157
2024-01-15 05:00:00,14,B,0,0.5425820271451621,0.5087984862407823,1.7223599419956492
2024-01-15 06:00:00,31,C,0,0.4623835433804798,0.4896684978508885,0.272862518025773
2024-01-15 07:00:00,25,A,1,0.620248092245326,0.4830633583566512,0.37968758061398367
2024-01-15 08:00:00,45,A,0,0.5314180076257125,0.48719557582148565,-0.30902236519624954
2024-01-15 09:00:00,12,A,1,0.5606237713162993,0.4933037367205709,-0.17287108244343635
2024-01-15 10:00:00,49,A,1,0.5100382360218526,0.48273052400415456,0.9645506822393334
2024-01-15 11:00:00,46,A,1,0.5863875496537396,0.5092411911812575,-0.03233711869521544
2024-01-15 12:00:00,9,C,1,0.5574633984380426,0.5205943134756742,0.5306939380247327
2024-01-15 13:00:00,8,B,1,0.46601170908124645,0.47425803398403515,-0.19600429784501586
2024-01-15 14:00:00,26,C,0,0.4753628156565205,0.5065025742243207,-0.3421528907320472
2024-01-15 15:00:00,2,C,0,0.4294762524383196,0.5016012840946733,-1.406914165601862
2024-01-15 16:00:00,14,C,0,0.4737424679141006,0.512830173710736,-1.977749062367128
2024-01-15 17:00:00,21,A,1,0.4839966506502872,0.5057412246379283,-0.2615619010664018
2024-01-15 18:00:00,48,A,0,0.5179924643004222,0.4769280144013674,0.05649669199323269
2024-01-15 19:00:00,49,C,0,0.4965464028971727,0.48075221402285667,-1.286130036708791
2024-01-15 20:00:00,7,A,0,0.6295870235234334,0.5065884715116995,-0.03447486503463288
2024-01-15 21:00:00,44,A,0,0.7040969066978388,0.5265756183949102,0.053752562990502024
2024-01-15 22:00:00,4,C,0,0.4558778463381709,0.46171625257913995,-2.156008006059379
2024-01-15 23:00:00,37,C,0,0.5569721084239879,0.5129145315960316,-0.9151246594795012
2024-01-16 00:00:00,42,C,0,0.49739472461179834,0.5297924401057529,0.4072638937354685
2024-01-16 01:00:00,44,C,0,0.47764471825439714,0.5029394824758757,0.3870587293957439
2024-01-16 02:00:00,11,A,0,0.5852660862226712,0.5170040499205288,-1.1536749163997606
2024-01-16 03:00:00,44,C,0,0.4883029247757139,0.49193861838204395,0.15844805049973495
2024-01-16 04:00:00,5,C,1,0.4907268868723269,0.5036126760144625,1.0224072253604721
2024-01-16 05:00:00,25,C,0,0.4647904424503825,0.473581729633837,0.7770729589908982
2024-01-16 06:00:00,23,C,0,0.4153016176017734,0.45911313383162256,-0.09528578701393456
2024-01-16 07:00:00,15,C,0,0.40802584046561186,0.5248553160245055,-0.4679763133242924
2024-01-16 08:00:00,1,B,1,0.5025417622363505,0.48630010144551117,-0.6293444843345044
2024-01-16 09:00:00,38,A,1,0.549801359132078,0.4968894430999314,0.4678197829096571
2024-01-16 10:00:00,16,B,1,0.44007507308948085,0.47827115493459615,0.19510397314288802
2024-01-16 11:00:00,33,A,0,0.5640616449725213,0.47780060593832246,0.6294040061022004
2024-01-16 12:00:00,20,A,0,0.603382976282145,0.5025232459981077,0.13187381312115198
2024-01-16 13:00:00,18,A,0,0.5726545607876835,0.49140845611728706,0.8187639503474419
2024-01-16 14:00:00,44,C,1,0.4524043537596676,0.513559419959894,0.09459253295770016
2024-01-16 15:00:00,4,B,1,0.5311941658547367,0.5150507683795919,0.7846887161316864
2024-01-16 16:00:00,36,B,1,0.5488387932213707,0.5124169929264921,0.8708227703666389
2024-01-16 17:00:00,37,C,1,0.5099349333578587,0.5107720158185689,-0.8045266302248135
2024-01-16 18:00:00,18,B,1,0.5185626936394937,0.5375553640986377,-1.808144046870746
2024-01-16 19:00:00,13,B,1,0.5319775179129798,0.4846481246191023,1.5434928560145533
2024-01-16 20:00:00,0,A,1,0.6201413294565893,0.5049013026759417,0.2566587307122617
2024-01-16 21:00:00,46,C,0,0.5159120594473472,0.5286537964103918,-1.7144858954961215
2024-01-16 22:00:00,47,B,0,0.4997968704260333,0.5312907961867608,-0.7138194972187111
2024-01-16 23:00:00,12,A,1,0.5896193923036888,0.47756472701310854,0.7718742923698284
2024-01-17 00:00:00,1,C,0,0.43034021686436374,0.4997528911668826,-0.279676831132893
2024-01-17 01:00:00,6,C,0,0.5202432584346952,0.5331624219173452,-0.5120614193191271
2024-01-17 02:00:00,3,A,1,0.4958456650800359,0.5161615821039813,1.4008818603129667
2024-01-17 03:00:00,41,A,0,0.5239063908801108,0.5099052606295955,-1.0472871463838105
2024-01-17 04:00:00,44,A,1,0.628814617026768,0.5016463061313069,-0.7981533577548339
2024-01-17 05:00:00,7,A,1,0.6056473717710735,0.4983239814858451,0.21138647504826755
2024-01-17 06:00:00,37,A,0,0.6380062781206567,0.5117643812618065,0.39045493205388226
2024-01-17 07:00:00,8,C,1,0.4716233814073513,0.5009525175003103,0.4963430343407315
2024-01-17 08:00:00,18,B,1,0.4122670760084508,0.5051484275791112,0.9112380445689469
2024-01-17 09:00:00,29,C,1,0.4731852407381988,0.5075719741223007,0.19857862068151685
2024-01-17 10:00:00,35,C,0,0.4903086654537447,0.49243856943013004,0.48938393893840915
2024-01-17 11:00:00,43,B,1,0.47382895388928964,0.5166425874776288,-0.2592092593150832
2024-01-17 12:00:00,2,B,1,0.5265635420101242,0.5642848929683084,0.06269830323671424
2024-01-17 13:00:00,9,A,1,0.5455728423861913,0.4704602672134785,0.10753418005363442
2024-01-17 14:00:00,14,A,0,0.5812380872265098,0.5124802504837996,0.21509813581903608
2024-01-17 15:00:00,15,B,0,0.4204481606005589,0.4907961982276219,0.7725398075827608
2024-01-17 16:00:00,49,A,1,0.5861522275385542,0.517548051550385,0.555145681944831
2024-01-17 17:00:00,38,A,0,0.5637917911456455,0.5069311494665573,0.0442170029001831
2024-01-17 18:00:00,16,A,0,0.5261456967221377,0.5212370954808493,-0.8091259849410398
2024-01-17 19:00:00,48,C,0,0.4734156324829733,0.5295101315301756,0.06767125806270954
2024-01-17 20:00:00,24,B,0,0.4606707307465281,0.5098484223553637,-0.028017784895743934
2024-01-17 21:00:00,25,C,0,0.47169934412486114,0.5286410457682835,0.19318157981319836
2024-01-17 22:00:00,21,B,0,0.5584465801856734,0.45911404212422646,2.206525307140402
2024-01-17 23:00:00,7,A,1,0.5587140635209696,0.5378090459583205,-0.5237727785412354
2024-01-18 00:00:00,46,B,0,0.4576847125634223,0.5135012430378468,0.42228901912535954
2024-01-18 01:00:00,0,A,0,0.4587638157558565,0.5275568671149037,1.0684620672442982
2024-01-18 02:00:00,8,C,0,0.44049673299274206,0.48160248510316955,0.09800191409938289
2024-01-18 03:00:00,11,A,1,0.550482692413546,0.4893846023678933,2.337845119172165
2024-01-18 04:00:00,13,B,0,0.43558688426345704,0.5089187658828955,-0.3780392917314767
2024-01-18 05:00:00,6,C,1,0.5542924802606058,0.5056592422132508,0.32408922232004705
2024-01-18 06:00:00,0,B,1,0.4616326293024782,0.5116613717601998,-0.798805744892982
2024-01-18 07:00:00,33,B,1,0.5343017305382018,0.5276903032185993,-0.35152473514329313
2024-01-18 08:00:00,48,B,1,0.47296474977480757,0.47069559369394304,0.2489339103966579
2024-01-18 09:00:00,6,C,0,0.48706849241279476,0.5254763814343462,0.8463040623077297
2024-01-18 10:00:00,14,A,1,0.5591965412507386,0.5061656381991585,0.3190948340235742
2024-01-18 11:00:00,25,B,0,0.47006933065336215,0.5019243627775091,1.259114849334736
2024-01-18 12:00:00,46,C,1,0.5711468507442089,0.4765776953123022,-0.09496531059267174
2024-01-18 13:00:00,34,B,1,0.3538989817347282,0.5160609733675373,-0.33216852983900536
2024-01-18 14:00:00,38,B,1,0.36980223085035524,0.45771784297937923,2.7039851072793866
2024-01-18 15:00:00,29,A,1,0.5364778220835579,0.5189678802247742,0.39423764944203077
2024-01-18 16:00:00,20,A,0,0.5643627577332421,0.47615788329054015,-0.7194815459785476
2024-01-18 17:00:00,9,C,1,0.5197123218299166,0.5070691582523494,-0.6942637622480688
2024-01-18 18:00:00,43,B,1,0.49353387797366294,0.5036166232534416,-0.9426799145313405
2024-01-18 19:00:00,40,A,1,0.5444240679923351,0.5293907629458777,0.9365693558567879
2024-01-18 20:00:00,1,B,0,0.5208317027343773,0.5024268966197222,-0.36437729289324183
2024-01-18 21:00:00,35,B,1,0.5213892882299257,0.4921172287770867,0.12736247565648562
2024-01-18 22:00:00,4,B,0,0.47908240963586746,0.49586794608057594,-0.06350867443826871
2024-01-18 23:00:00,36,C,0,0.533339979216058,0.5314576553750933,0.7314924079409346
2024-01-19 00:00:00,41,A,0,0.5772686268079701,0.5167259393836179,-0.8467440928840201
2024-01-19 01:00:00,6,B,1,0.44180536673314497,0.4982874003695368,-1.0755722861430155
2024-01-19 02:00:00,21,B,0,0.5047703600222894,0.5012710716007097,0.22429730718159427
2024-01-19 03:00:00,6,C,0,0.49073775672064984,0.47465645818829105,0.600959284699897
2024-01-19 04:00:00,28,A,0,0.5637033559740879,0.5137694840170308,0.33253231309764075
2024-01-19 05:00:00,46,A,1,0.6372840422458423,0.47080368584609067,-0.8094537290973276
2024-01-19 06:00:00,4,B,0,0.3473359116452848,0.5210359293167092,0.6774848420913938
2024-01-19 07:00:00,19,B,1,0.3989953095643107,0.5085724318498254,-0.7438609270956342
2024-01-19 08:00:00,48,C,1,0.42585357927299744,0.5537390359914784,-0.5215386447863833
2024-01-19 09:00:00,15,B,1,0.45171648569384887,0.4839972889255139,-0.9439535247220022
2024-01-19 10:00:00,6,C,1,0.4724766921034145,0.5039467581791873,1.3011583486520308
2024-01-19 11:00:00,24,B,0,0.3945132356836368,0.5419657540184613,0.6334215410273492
2024-01-19 12:00:00,25,A,0,0.5143784620208223,0.5298277928058283,0.6049933756788733
2024-01-19 13:00:00,33,A,0,0.5205942797101851,0.492075758968402,1.2472114211424503
2024-01-19 14:00:00,15,C,1,0.6080783051955105,0.510479348567469,2.8126492482387233
2024-01-19 15:00:00,47,A,1,0.6537234610237209,0.5060399871283018,-1.7092261039101555
2024-01-19 16:00:00,26,C,1,0.4646196297074835,0.5116391173478831,-0.7383765808771081
2024-01-19 17:00:00,14,A,0,0.5454571991210236,0.4920263912803034,-0.6161750841745238
2024-01-19 18:00:00,48,A,0,0.5061761637769489,0.5042135919459854,-0.8508196223826928
2024-01-19 19:00:00,46,A,0,0.4682298429751003,0.4740389524944657,-1.0775832476037126
2024-01-19 20:00:00,24,B,0,0.46403550875186295,0.5087024690373616,-0.2996530640553656
2024-01-19 21:00:00,1,B,0,0.4199869189100879,0.5150004134684366,-1.216603715289405
2024-01-19 22:00:00,29,C,1,0.4809645740086155,0.5014516117471223,0.3350423675374132
2024-01-19 23:00:00,27,B,0,0.3898692256201153,0.47369898218830425,0.051698321428614635
2024-01-20 00:00:00,7,B,1,0.43178079515677625,0.5257706372570292,0.4810286647636553
2024-01-20 01:00:00,31,B,0,0.47731087283743073,0.513290500759856,0.5077284516382525
2024-01-20 02:00:00,42,C,0,0.5035175804809128,0.49147969804598046,0.6030068534266765
2024-01-20 03:00:00,5,B,1,0.4907531160093899,0.5003879910632387,-0.3734089368238823
2024-01-20 04:00:00,36,A,1,0.4976119144285117,0.4759866119443632,2.1211434026336673
2024-01-20 05:00:00,7,B,0,0.5126138045790672,0.48549179744444193,0.23443111648209775
2024-01-20 06:00:00,37,C,0,0.44519651576162345,0.4952437730728572,-1.862484752624795
2024-01-20 07:00:00,20,A,0,0.5952792593667289,0.530568416245603,-1.0023757457662175
2024-01-20 08:00:00,0,C,1,0.4846751667608063,0.4932099321822505,-1.7405029890278156
2024-01-20 09:00:00,48,B,0,0.4010601431183918,0.5188042731865752,0.01733462915130733
2024-01-20 10:00:00,8,B,1,0.45406963284322976,0.4952336759427684,-0.12180522405333363
2024-01-20 11:00:00,29,A,0,0.5819045507395519,0.5109589512170375,-0.4684256978994578
2024-01-20 12:00:00,9,C,1,0.5158553696154459,0.5031720899571239,2.010926112400514
2024-01-20 13:00:00,46,A,0,0.5565869687641427,0.5234611320018548,0.5489828740769108
2024-01-20 14:00:00,36,A,1,0.6402253081664162,0.49530377323562885,0.7260983614463344
2024-01-20 15:00:00,40,B,1,0.5202550566216171,0.47454943499995117,-0.9310734879421032
2024-01-20 16:00:00,21,B,0,0.45704681225230154,0.47836101937272735,-0.9991448913310123
2024-01-20 17:00:00,23,B,0,0.5073856086791364,0.4953624501211449,0.03680549909695475
2024-01-20 18:00:00,31,A,1,0.6603260378957729,0.481018800586439,0.17300713965222583
2024-01-20 19:00:00,39,A,0,0.661660593675515,0.514204240313591,-1.856311567114457
2024-01-20 20:00:00,42,A,0,0.5022363695952388,0.49668463670283847,-0.18030702284953407
2024-01-20 21:00:00,0,B,0,0.42355286251443164,0.5534921310005286,0.014072082873504806
2024-01-20 22:00:00,33,B,0,0.5441254574089818,0.47124570809725735,-0.21514916577112894
2024-01-20 23:00:00,5,B,0,0.4169654655304073,0.510072663574196,-0.8133904123466764
2024-01-21 00:00:00,14,B,0,0.4037524614077052,0.48344093952988665,-0.53953518192114
2024-01-21 01:00:00,41,C,0,0.4608973940567636,0.4961319731923464,-0.17685919357279603
2024-01-21 02:00:00,12,B,0,0.49089085354601847,0.5088283894668109,0.09080002361004777
2024-01-21 03:00:00,39,B,0,0.46475968274173435,0.4594925725025143,0.604791582550568
2024-01-21 04:00:00,23,B,0,0.43735133705200957,0.5107365223357605,1.0808562049508712
2024-01-21 05:00:00,11,B,1,0.4361688949860637,0.5440581492454833,-0.2943477235272498
2024-01-21 06:00:00,16,B,0,0.4342626648516537,0.4969312340326281,-0.45615619611535785
2024-01-21 07:00:00,26,A,0,0.5196608822034164,0.5111961571361102,0.43765567353430623
2024-01-21 08:00:00,38,A,0,0.6777180075001668,0.5264984338625079,0.6108449164108543
2024-01-21 09:00:00,30,C,1,0.5000826541509937,0.50272092999946,-0.4342004332588856
2024-01-21 10:00:00,46,B,0,0.5142174707925261,0.49438079622937037,0.7903934769661722
2024-01-21 11:00:00,43,B,0,0.445425644666343,0.460485271925565,0.9795853411559731
2024-01-21 12:00:00,37,A,0,0.5543385297770611,0.5188198143878995,1.291686465658673
2024-01-21 13:00:00,30,B,0,0.4342018190037714,0.503736631805422,1.7783209067198225
2024-01-21 14:00:00,14,B,0,0.3372941013263291,0.48574632297223674,-0.8664161386594389
2024-01-21 15:00:00,20,B,0,0.4009790542298959,0.5085319342055539,0.01389820933251119
2024-01-21 16:00:00,5,B,1,0.37934858407326943,0.49432639286387636,0.011277696618660139
2024-01-21 17:00:00,18,B,1,0.3573903291747088,0.4954314773776895,-0.0980735685325076
2024-01-21 18:00:00,46,C,0,0.4254391518768108,0.5181258231221741,-0.6492629196101362
2024-01-21 19:00:00,21,B,1,0.5361273020413707,0.47923235177352314,-1.4855620032310715
