[
    {
      "model": "edb.vehicleef",
      "pk": 1,
      "fields": {
        "ef_set": 1,
        "traffic_situation": 1,
        "substance": ["NOx"],
        "vehicle": 1,
        "fuel": 1,
        "freeflow": 100.0e-9,
        "heavy": 200.0e-9,
        "saturated": 300.0e-9,
        "stopngo": 400.0e-9,
        "coldstart": 20.0e-9
      }
    },
    {
      "model": "edb.vehicleef",
      "pk": 2,
      "fields": {
        "ef_set": 1,
        "traffic_situation": 1,
        "substance": ["traffic_work"],
        "vehicle": 1,
        "fuel": 1,
        "freeflow": 1000.0e-9,
        "heavy": 1000.0e-9,
        "saturated": 1000.0e-9,
        "stopngo": 1000.0e-9,
        "coldstart": 0.0
      }
    },
    {
      "model": "edb.vehicleef",
      "pk": 3,
      "fields": {
        "ef_set": 1,
        "traffic_situation": 1,
        "substance": ["SOx"],
        "vehicle": 1,
        "fuel": 1,
        "freeflow": 150.0e-9,
        "heavy": 250.0e-9,
        "saturated": 350.0e-9,
        "stopngo": 450.0e-9,
        "coldstart": 25.0e-9
      }
    },
    {
      "model": "edb.vehicleef",
      "pk": 4,
      "fields": {
        "ef_set": 1,
        "traffic_situation": 2,
        "substance": ["NOx"],
        "vehicle": 1,
        "fuel": 2,
        "freeflow": 200.0e-9,
        "heavy": 300.0e-9,
        "saturated": 400.0e-9,
        "stopngo": 500.0e-9,
        "coldstart": 30.0e-9
      }
    },
    {
      "model": "edb.vehicleef",
      "pk": 5,
      "fields": {
        "ef_set": 1,
        "traffic_situation": 2,
        "substance": ["SOx"],
        "vehicle": 1,
        "fuel": 2,
        "freeflow": 250.0e-9,
        "heavy": 350.0e-9,
        "saturated": 450.0e-9,
        "stopngo": 550.0e-9,
        "coldstart": 35.0e-9
      }
    },
    {
      "model": "edb.vehicleef",
      "pk": 6,
      "fields": {
        "ef_set": 1,
        "traffic_situation": 2,
        "substance": ["traffic_work"],
        "vehicle": 1,
        "fuel": 2,
        "freeflow": 1000.0e-9,
        "heavy": 1000.0e-9,
        "saturated": 1000.0e-9,
        "stopngo": 1000.0e-9,
        "coldstart": 0.0
      }
    },
    {
      "model": "edb.vehicleef",
      "pk": 7,
      "fields": {
        "ef_set": 1,
        "traffic_situation": 1,
        "substance": ["NOx"],
        "vehicle": 2,
        "fuel": 2,
        "freeflow": 500.0e-9,
        "heavy": 600.0e-9,
        "saturated": 700.0e-9,
        "stopngo": 800.0e-9,
        "coldstart": 200.0e-9
      }
    },
    {
      "model": "edb.vehicleef",
      "pk": 8,
      "fields": {
        "ef_set": 1,
        "traffic_situation": 1,
        "substance": ["SOx"],
        "vehicle": 2,
        "fuel": 2,
        "freeflow": 600.0e-9,
        "heavy": 700.0e-9,
        "saturated": 800.0e-9,
        "stopngo": 900.0e-9,
        "coldstart": 300.0e-9
      }
    },
    {
      "model": "edb.vehicleef",
      "pk": 9,
      "fields": {
        "ef_set": 1,
        "traffic_situation": 1,
        "substance": ["traffic_work"],
        "vehicle": 2,
        "fuel": 2,
        "freeflow": 1000.0e-9,
        "heavy": 1000.0e-9,
        "saturated": 1000.0e-9,
        "stopngo": 1000.0e-9,
        "coldstart": 0.0
      }
    },
    {
      "model": "edb.vehicleef",
      "pk": 10,
      "fields": {
        "ef_set": 1,
        "traffic_situation": 2,
        "substance": ["NOx"],
        "vehicle": 2,
        "fuel": 2,
        "freeflow": 700.0e-9,
        "heavy": 800.0e-9,
        "saturated": 900.0e-9,
        "stopngo": 1000.0e-9,
        "coldstart": 400.0e-9
      }
    },
    {
      "model": "edb.vehicleef",
      "pk": 11,
      "fields": {
        "ef_set": 1,
        "traffic_situation": 2,
        "substance": ["SOx"],
        "vehicle": 2,
        "fuel": 2,
        "freeflow": 800.0e-9,
        "heavy": 900.0e-9,
        "saturated": 1000.0e-9,
        "stopngo": 1100.0e-9,
        "coldstart": 500.0e-9
      }
    },
    {
      "model": "edb.vehicleef",
      "pk": 12,
      "fields": {
        "ef_set": 1,
        "traffic_situation": 2,
        "substance": ["traffic_work"],
        "vehicle": 2,
        "fuel": 2,
        "freeflow": 1000.0e-9,
        "heavy": 1000.0e-9,
        "saturated": 1000.0e-9,
        "stopngo": 1000.0e-9,
        "coldstart": 0.0
      }
    },
    {
      "model": "edb.fleetmemberfuel",
      "pk": 1,
      "fields": {
        "fleet_member": 1,
        "fuel": 1,
        "fraction": 0.7
      }
    },
    {
      "model": "edb.fleetmemberfuel",
      "pk": 2,
      "fields": {
        "fleet_member": 1,
        "fuel": 2,
        "fraction": 0.3
      }
    },
    {
      "model": "edb.fleetmemberfuel",
      "pk": 3,
      "fields": {
        "fleet_member": 2,
        "fuel": 2,
        "fraction": 1.0
      }
    },
    {
      "model": "edb.vehiclefuelcomb",
      "pk": 1,
      "fields": {
        "vehicle": 1,
        "fuel": 1,
        "activitycode1": 2,
        "activitycode2": null,
        "activitycode3": null
      }
    },
    {
      "model": "edb.vehiclefuelcomb",
      "pk": 1,
      "fields": {
        "vehicle": 1,
        "fuel": 2,
        "activitycode1": 2,
        "activitycode2": null,
        "activitycode3": null
      }
    },
    {
      "model": "edb.vehiclefuelcomb",
      "pk": 1,
      "fields": {
        "vehicle": 2,
        "fuel": 2,
        "activitycode1": 2,
        "activitycode2": null,
        "activitycode3": null
      }
    },
    {
      "model": "core.domain",
      "fields": {
        "name": "Sverige",
        "slug": "se",
        "srid": 3006,
        "extent": "MULTIPOLYGON (((10.95 55.33, 24.16 55.33, 24.16 69.06, 10.95 69.06, 10.95 55.33)))",
        "timezone": "Europe/Stockholm"
      }
    },
    {
      "model": "auth.user",
      "fields": {
        "password": "",
        "last_login": null,
        "is_superuser": false,
        "username": "refuser",
        "first_name": "",
        "last_name": "",
        "email": "",
        "is_staff": false,
        "is_active": true,
        "date_joined": "2018-08-23T12:25:21.937Z",
        "groups": [],
        "user_permissions": []
      }
    },
    {
      "model": "core.project",
      "fields": {
        "name": "Reference project",
        "slug": "ref",
        "manager": ["refuser"],
        "domain": ["se"],
        "extent": "MULTIPOLYGON (((10.95 55.33, 24.16 55.33, 24.16 69.06, 10.95 69.06, 10.95 55.33)))",
        "started": "2018-08-23T00:00:00Z",
        "description": "Reference data for tests",
        "members": [["refuser"]]
      }
    },
    {
      "model": "edb.baseset",
      "pk": 1,
      "fields": {
        "name": "Reference Base set",
        "project": ["refuser", "ref"],
        "code_set1": 1,
        "description": "Reference base set for tests",
        "owner": ["refuser"],
        "year": 2018,
        "created": "2018-08-23T00:00:00Z",
        "updated": "2018-08-23T00:00:00Z"
      }
    },
    {
      "model": "edb.roadefset",
      "pk": 1,
      "fields": {
        "name": "Reference road ef set",
        "slug": "ref",
        "project": ["refuser", "ref"],
        "description": "Reference tableset for tests",
        "owner": ["refuser"],
        "year": 2018,
        "created": "2018-08-23T00:00:00Z",
        "updated": "2018-08-23T00:00:00Z"
      }
    },
    {
      "model": "edb.sourceefset",
      "pk": 1,
      "fields": {
        "name": "Reference source ef set",
        "slug": "ref",
        "project": ["refuser", "ref"],
        "description": "Reference tableset for tests",
        "owner": ["refuser"],
        "year": 2018,
        "created": "2018-08-23T00:00:00Z",
        "updated": "2018-08-23T00:00:00Z"
      }
    },
    {
      "model": "edb.verticaldist",
      "pk": 1,
      "fields": {
        "domain": ["se"],
        "name": "vdist1",
        "slug": "vdist1",
        "weights": "[[5.0, 0.4],[10.0, 0.6]]"
      }
    },
    {
      "model": "edb.codeset",
      "pk": 1,
      "fields": {
        "domain": ["se"],
        "description": "Code set for tests",
        "name": "reference code set",
        "slug": "reference-code-set"
      }
    },
    {
      "model": "edb.inventory",
      "pk": 1,
      "fields": {
        "description": "Reference inventory for tests",
        "owner": ["refuser"],
        "year": 2018,
        "created": "2018-08-23T00:00:00Z",
        "updated": "2018-08-23T00:00:00Z",
        "name": "ref",
        "slug": "ref",
        "project": ["refuser", "ref"]
      }
    },
    {
      "model": "edb.activitycode",
      "pk": 1,
      "fields": {
        "code": "1",
        "label": "industry",
        "code_set": 1,
        "vertical_dist": 1
      }
    },
    {
      "model": "edb.activitycode",
      "pk": 2,
      "fields": {
        "code": "2",
        "label": "traffic",
        "code_set": 1,
        "vertical_dist": 1
      }
    },
    {
      "model": "edb.timevar",
      "pk": 1,
      "fields": {
        "name": "constant",
        "typeday": "[\"[\\\"100\\\", \\\"100\\\", \\\"100\\\", \\\"100\\\", \\\"100\\\", \\\"100\\\", \\\"100\\\"]\", \"[\\\"100\\\", \\\"100\\\", \\\"100\\\", \\\"100\\\", \\\"100\\\", \\\"100\\\", \\\"100\\\"]\", \"[\\\"100\\\", \\\"100\\\", \\\"100\\\", \\\"100\\\", \\\"100\\\", \\\"100\\\", \\\"100\\\"]\", \"[\\\"100\\\", \\\"100\\\", \\\"100\\\", \\\"100\\\", \\\"100\\\", \\\"100\\\", \\\"100\\\"]\", \"[\\\"100\\\", \\\"100\\\", \\\"100\\\", \\\"100\\\", \\\"100\\\", \\\"100\\\", \\\"100\\\"]\", \"[\\\"100\\\", \\\"100\\\", \\\"100\\\", \\\"100\\\", \\\"100\\\", \\\"100\\\", \\\"100\\\"]\", \"[\\\"100\\\", \\\"100\\\", \\\"100\\\", \\\"100\\\", \\\"100\\\", \\\"100\\\", \\\"100\\\"]\", \"[\\\"100\\\", \\\"100\\\", \\\"100\\\", \\\"100\\\", \\\"100\\\", \\\"100\\\", \\\"100\\\"]\", \"[\\\"100\\\", \\\"100\\\", \\\"100\\\", \\\"100\\\", \\\"100\\\", \\\"100\\\", \\\"100\\\"]\", \"[\\\"100\\\", \\\"100\\\", \\\"100\\\", \\\"100\\\", \\\"100\\\", \\\"100\\\", \\\"100\\\"]\", \"[\\\"100\\\", \\\"100\\\", \\\"100\\\", \\\"100\\\", \\\"100\\\", \\\"100\\\", \\\"100\\\"]\", \"[\\\"100\\\", \\\"100\\\", \\\"100\\\", \\\"100\\\", \\\"100\\\", \\\"100\\\", \\\"100\\\"]\", \"[\\\"100\\\", \\\"100\\\", \\\"100\\\", \\\"100\\\", \\\"100\\\", \\\"100\\\", \\\"100\\\"]\", \"[\\\"100\\\", \\\"100\\\", \\\"100\\\", \\\"100\\\", \\\"100\\\", \\\"100\\\", \\\"100\\\"]\", \"[\\\"100\\\", \\\"100\\\", \\\"100\\\", \\\"100\\\", \\\"100\\\", \\\"100\\\", \\\"100\\\"]\", \"[\\\"100\\\", \\\"100\\\", \\\"100\\\", \\\"100\\\", \\\"100\\\", \\\"100\\\", \\\"100\\\"]\", \"[\\\"100\\\", \\\"100\\\", \\\"100\\\", \\\"100\\\", \\\"100\\\", \\\"100\\\", \\\"100\\\"]\", \"[\\\"100\\\", \\\"100\\\", \\\"100\\\", \\\"100\\\", \\\"100\\\", \\\"100\\\", \\\"100\\\"]\", \"[\\\"100\\\", \\\"100\\\", \\\"100\\\", \\\"100\\\", \\\"100\\\", \\\"100\\\", \\\"100\\\"]\", \"[\\\"100\\\", \\\"100\\\", \\\"100\\\", \\\"100\\\", \\\"100\\\", \\\"100\\\", \\\"100\\\"]\", \"[\\\"100\\\", \\\"100\\\", \\\"100\\\", \\\"100\\\", \\\"100\\\", \\\"100\\\", \\\"100\\\"]\", \"[\\\"100\\\", \\\"100\\\", \\\"100\\\", \\\"100\\\", \\\"100\\\", \\\"100\\\", \\\"100\\\"]\", \"[\\\"100\\\", \\\"100\\\", \\\"100\\\", \\\"100\\\", \\\"100\\\", \\\"100\\\", \\\"100\\\"]\", \"[\\\"100\\\", \\\"100\\\", \\\"100\\\", \\\"100\\\", \\\"100\\\", \\\"100\\\", \\\"100\\\"]\"]",
        "month": "[\"100\", \"100\", \"100\", \"100\", \"100\", \"100\", \"100\", \"100\", \"100\", \"100\", \"100\", \"100\"]",
        "typeday_sum": 16800,
        "_normalization_constant": 0.0001
      }
    },
    {
      "model": "edb.flowtimevar",
      "pk": 1,
      "fields": {
        "name": "constant",
        "typeday": "[\"[\\\"100\\\", \\\"100\\\", \\\"100\\\", \\\"100\\\", \\\"100\\\", \\\"100\\\", \\\"100\\\"]\", \"[\\\"100\\\", \\\"100\\\", \\\"100\\\", \\\"100\\\", \\\"100\\\", \\\"100\\\", \\\"100\\\"]\", \"[\\\"100\\\", \\\"100\\\", \\\"100\\\", \\\"100\\\", \\\"100\\\", \\\"100\\\", \\\"100\\\"]\", \"[\\\"100\\\", \\\"100\\\", \\\"100\\\", \\\"100\\\", \\\"100\\\", \\\"100\\\", \\\"100\\\"]\", \"[\\\"100\\\", \\\"100\\\", \\\"100\\\", \\\"100\\\", \\\"100\\\", \\\"100\\\", \\\"100\\\"]\", \"[\\\"100\\\", \\\"100\\\", \\\"100\\\", \\\"100\\\", \\\"100\\\", \\\"100\\\", \\\"100\\\"]\", \"[\\\"100\\\", \\\"100\\\", \\\"100\\\", \\\"100\\\", \\\"100\\\", \\\"100\\\", \\\"100\\\"]\", \"[\\\"100\\\", \\\"100\\\", \\\"100\\\", \\\"100\\\", \\\"100\\\", \\\"100\\\", \\\"100\\\"]\", \"[\\\"100\\\", \\\"100\\\", \\\"100\\\", \\\"100\\\", \\\"100\\\", \\\"100\\\", \\\"100\\\"]\", \"[\\\"100\\\", \\\"100\\\", \\\"100\\\", \\\"100\\\", \\\"100\\\", \\\"100\\\", \\\"100\\\"]\", \"[\\\"100\\\", \\\"100\\\", \\\"100\\\", \\\"100\\\", \\\"100\\\", \\\"100\\\", \\\"100\\\"]\", \"[\\\"100\\\", \\\"100\\\", \\\"100\\\", \\\"100\\\", \\\"100\\\", \\\"100\\\", \\\"100\\\"]\", \"[\\\"100\\\", \\\"100\\\", \\\"100\\\", \\\"100\\\", \\\"100\\\", \\\"100\\\", \\\"100\\\"]\", \"[\\\"100\\\", \\\"100\\\", \\\"100\\\", \\\"100\\\", \\\"100\\\", \\\"100\\\", \\\"100\\\"]\", \"[\\\"100\\\", \\\"100\\\", \\\"100\\\", \\\"100\\\", \\\"100\\\", \\\"100\\\", \\\"100\\\"]\", \"[\\\"100\\\", \\\"100\\\", \\\"100\\\", \\\"100\\\", \\\"100\\\", \\\"100\\\", \\\"100\\\"]\", \"[\\\"100\\\", \\\"100\\\", \\\"100\\\", \\\"100\\\", \\\"100\\\", \\\"100\\\", \\\"100\\\"]\", \"[\\\"100\\\", \\\"100\\\", \\\"100\\\", \\\"100\\\", \\\"100\\\", \\\"100\\\", \\\"100\\\"]\", \"[\\\"100\\\", \\\"100\\\", \\\"100\\\", \\\"100\\\", \\\"100\\\", \\\"100\\\", \\\"100\\\"]\", \"[\\\"100\\\", \\\"100\\\", \\\"100\\\", \\\"100\\\", \\\"100\\\", \\\"100\\\", \\\"100\\\"]\", \"[\\\"100\\\", \\\"100\\\", \\\"100\\\", \\\"100\\\", \\\"100\\\", \\\"100\\\", \\\"100\\\"]\", \"[\\\"100\\\", \\\"100\\\", \\\"100\\\", \\\"100\\\", \\\"100\\\", \\\"100\\\", \\\"100\\\"]\", \"[\\\"100\\\", \\\"100\\\", \\\"100\\\", \\\"100\\\", \\\"100\\\", \\\"100\\\", \\\"100\\\"]\", \"[\\\"100\\\", \\\"100\\\", \\\"100\\\", \\\"100\\\", \\\"100\\\", \\\"100\\\", \\\"100\\\"]\"]",
        "month": "[\"100\", \"100\", \"100\", \"100\", \"100\", \"100\", \"100\", \"100\", \"100\", \"100\", \"100\", \"100\"]",
        "typeday_sum": 16800,
        "_normalization_constant": 0.0001
      }
    },
    {
      "model": "edb.coldstarttimevar",
      "pk": 1,
      "fields": {
        "name": "constant",
        "typeday": "[\"[\\\"100\\\", \\\"100\\\", \\\"100\\\", \\\"100\\\", \\\"100\\\", \\\"100\\\", \\\"100\\\"]\", \"[\\\"100\\\", \\\"100\\\", \\\"100\\\", \\\"100\\\", \\\"100\\\", \\\"100\\\", \\\"100\\\"]\", \"[\\\"100\\\", \\\"100\\\", \\\"100\\\", \\\"100\\\", \\\"100\\\", \\\"100\\\", \\\"100\\\"]\", \"[\\\"100\\\", \\\"100\\\", \\\"100\\\", \\\"100\\\", \\\"100\\\", \\\"100\\\", \\\"100\\\"]\", \"[\\\"100\\\", \\\"100\\\", \\\"100\\\", \\\"100\\\", \\\"100\\\", \\\"100\\\", \\\"100\\\"]\", \"[\\\"100\\\", \\\"100\\\", \\\"100\\\", \\\"100\\\", \\\"100\\\", \\\"100\\\", \\\"100\\\"]\", \"[\\\"100\\\", \\\"100\\\", \\\"100\\\", \\\"100\\\", \\\"100\\\", \\\"100\\\", \\\"100\\\"]\", \"[\\\"100\\\", \\\"100\\\", \\\"100\\\", \\\"100\\\", \\\"100\\\", \\\"100\\\", \\\"100\\\"]\", \"[\\\"100\\\", \\\"100\\\", \\\"100\\\", \\\"100\\\", \\\"100\\\", \\\"100\\\", \\\"100\\\"]\", \"[\\\"100\\\", \\\"100\\\", \\\"100\\\", \\\"100\\\", \\\"100\\\", \\\"100\\\", \\\"100\\\"]\", \"[\\\"100\\\", \\\"100\\\", \\\"100\\\", \\\"100\\\", \\\"100\\\", \\\"100\\\", \\\"100\\\"]\", \"[\\\"100\\\", \\\"100\\\", \\\"100\\\", \\\"100\\\", \\\"100\\\", \\\"100\\\", \\\"100\\\"]\", \"[\\\"100\\\", \\\"100\\\", \\\"100\\\", \\\"100\\\", \\\"100\\\", \\\"100\\\", \\\"100\\\"]\", \"[\\\"100\\\", \\\"100\\\", \\\"100\\\", \\\"100\\\", \\\"100\\\", \\\"100\\\", \\\"100\\\"]\", \"[\\\"100\\\", \\\"100\\\", \\\"100\\\", \\\"100\\\", \\\"100\\\", \\\"100\\\", \\\"100\\\"]\", \"[\\\"100\\\", \\\"100\\\", \\\"100\\\", \\\"100\\\", \\\"100\\\", \\\"100\\\", \\\"100\\\"]\", \"[\\\"100\\\", \\\"100\\\", \\\"100\\\", \\\"100\\\", \\\"100\\\", \\\"100\\\", \\\"100\\\"]\", \"[\\\"100\\\", \\\"100\\\", \\\"100\\\", \\\"100\\\", \\\"100\\\", \\\"100\\\", \\\"100\\\"]\", \"[\\\"100\\\", \\\"100\\\", \\\"100\\\", \\\"100\\\", \\\"100\\\", \\\"100\\\", \\\"100\\\"]\", \"[\\\"100\\\", \\\"100\\\", \\\"100\\\", \\\"100\\\", \\\"100\\\", \\\"100\\\", \\\"100\\\"]\", \"[\\\"100\\\", \\\"100\\\", \\\"100\\\", \\\"100\\\", \\\"100\\\", \\\"100\\\", \\\"100\\\"]\", \"[\\\"100\\\", \\\"100\\\", \\\"100\\\", \\\"100\\\", \\\"100\\\", \\\"100\\\", \\\"100\\\"]\", \"[\\\"100\\\", \\\"100\\\", \\\"100\\\", \\\"100\\\", \\\"100\\\", \\\"100\\\", \\\"100\\\"]\", \"[\\\"100\\\", \\\"100\\\", \\\"100\\\", \\\"100\\\", \\\"100\\\", \\\"100\\\", \\\"100\\\"]\"]",
        "month": "[\"100\", \"100\", \"100\", \"100\", \"100\", \"100\", \"100\", \"100\", \"100\", \"100\", \"100\", \"100\"]",
        "typeday_sum": 16800,
        "_normalization_constant": 0.0001
      }
    },
    {
      "model": "edb.congestionprofile",
      "pk": 1,
      "fields": {
        "name": "freeflow",
        "traffic_condition": "[\"[\\\"1\\\", \\\"1\\\", \\\"1\\\", \\\"1\\\", \\\"1\\\", \\\"1\\\", \\\"1\\\"]\", \"[\\\"1\\\", \\\"1\\\", \\\"1\\\", \\\"1\\\", \\\"1\\\", \\\"1\\\", \\\"1\\\"]\", \"[\\\"1\\\", \\\"1\\\", \\\"1\\\", \\\"1\\\", \\\"1\\\", \\\"1\\\", \\\"1\\\"]\", \"[\\\"1\\\", \\\"1\\\", \\\"1\\\", \\\"1\\\", \\\"1\\\", \\\"1\\\", \\\"1\\\"]\", \"[\\\"1\\\", \\\"1\\\", \\\"1\\\", \\\"1\\\", \\\"1\\\", \\\"1\\\", \\\"1\\\"]\", \"[\\\"1\\\", \\\"1\\\", \\\"1\\\", \\\"1\\\", \\\"1\\\", \\\"1\\\", \\\"1\\\"]\", \"[\\\"1\\\", \\\"1\\\", \\\"1\\\", \\\"1\\\", \\\"1\\\", \\\"1\\\", \\\"1\\\"]\", \"[\\\"1\\\", \\\"1\\\", \\\"1\\\", \\\"1\\\", \\\"1\\\", \\\"1\\\", \\\"1\\\"]\", \"[\\\"1\\\", \\\"1\\\", \\\"1\\\", \\\"1\\\", \\\"1\\\", \\\"1\\\", \\\"1\\\"]\", \"[\\\"1\\\", \\\"1\\\", \\\"1\\\", \\\"1\\\", \\\"1\\\", \\\"1\\\", \\\"1\\\"]\", \"[\\\"1\\\", \\\"1\\\", \\\"1\\\", \\\"1\\\", \\\"1\\\", \\\"1\\\", \\\"1\\\"]\", \"[\\\"1\\\", \\\"1\\\", \\\"1\\\", \\\"1\\\", \\\"1\\\", \\\"1\\\", \\\"1\\\"]\", \"[\\\"1\\\", \\\"1\\\", \\\"1\\\", \\\"1\\\", \\\"1\\\", \\\"1\\\", \\\"1\\\"]\", \"[\\\"1\\\", \\\"1\\\", \\\"1\\\", \\\"1\\\", \\\"1\\\", \\\"1\\\", \\\"1\\\"]\", \"[\\\"1\\\", \\\"1\\\", \\\"1\\\", \\\"1\\\", \\\"1\\\", \\\"1\\\", \\\"1\\\"]\", \"[\\\"1\\\", \\\"1\\\", \\\"1\\\", \\\"1\\\", \\\"1\\\", \\\"1\\\", \\\"1\\\"]\", \"[\\\"1\\\", \\\"1\\\", \\\"1\\\", \\\"1\\\", \\\"1\\\", \\\"1\\\", \\\"1\\\"]\", \"[\\\"1\\\", \\\"1\\\", \\\"1\\\", \\\"1\\\", \\\"1\\\", \\\"1\\\", \\\"1\\\"]\", \"[\\\"1\\\", \\\"1\\\", \\\"1\\\", \\\"1\\\", \\\"1\\\", \\\"1\\\", \\\"1\\\"]\", \"[\\\"1\\\", \\\"1\\\", \\\"1\\\", \\\"1\\\", \\\"1\\\", \\\"1\\\", \\\"1\\\"]\", \"[\\\"1\\\", \\\"1\\\", \\\"1\\\", \\\"1\\\", \\\"1\\\", \\\"1\\\", \\\"1\\\"]\", \"[\\\"1\\\", \\\"1\\\", \\\"1\\\", \\\"1\\\", \\\"1\\\", \\\"1\\\", \\\"1\\\"]\", \"[\\\"1\\\", \\\"1\\\", \\\"1\\\", \\\"1\\\", \\\"1\\\", \\\"1\\\", \\\"1\\\"]\", \"[\\\"1\\\", \\\"1\\\", \\\"1\\\", \\\"1\\\", \\\"1\\\", \\\"1\\\", \\\"1\\\"]\"]"
      }
    },
    {
      "model": "edb.pointsourcesubstance",
      "pk": 1,
      "fields": {
        "substance": ["NOx"],
        "value": 1000.0,
        "source": 1,
        "updated": "2018-08-23T00:00:00Z"
      }
    },
    {
      "model": "edb.pointsourcesubstance",
      "pk": 2,
      "fields": {
        "substance": ["SOx"],
        "value": 2000.0,
        "source": 1,
        "updated": "2018-08-23T00:00:00Z"
      }
    },
    {
      "model": "edb.pointsource",
      "pk": 1,
      "fields": {
        "name": "Br\u00e5viken",
        "created": "2018-08-23T00:00:00Z",
        "updated": "2018-08-23T00:00:00Z",
        "tags": null,
        "geom": "SRID=4326;POINT (16.34284973144531 58.62621227127923)",
        "chimney_height": 100.0,
        "chimney_outer_diameter": 3.0,
        "chimney_inner_diameter": 2.0,
        "chimney_gas_speed": 4.0,
        "chimney_gas_temperature": 150.0,
        "house_width": 40,
        "house_height": 30,
        "timevar": 1,
        "activitycode1": 1,
        "activitycode2": null,
        "activitycode3": null
      }
    },
    {
      "model": "edb.roadattribute",
      "pk": 1,
      "fields": {
        "name": "Road type",
        "slug": "roadtype",
        "order": 1
      }
    },
    {
      "model": "edb.roadattribute",
      "pk": 2,
      "fields": {
        "name": "Posted speed",
        "slug": "speed",
        "order": 2
      }
    },
    {
      "model": "edb.trafficsituation",
      "pk": 1,
      "fields": {
        "ts_id": "ts1"
      }
    },
    {
      "model": "edb.trafficsituation",
      "pk": 2,
      "fields": {
        "ts_id": "ts2"
      }
    },
    {
      "model": "edb.roadclass",
      "pk": 1,
      "fields": {
        "traffic_situation": 1
      }
    },
    {
      "model": "edb.roadclass",
      "pk": 2,
      "fields": {
        "traffic_situation": 2
      }
    },
    {
      "model": "edb.vehicle",
      "pk": 1,
      "fields": {
        "name": "car",
        "info": "standard car",
        "isheavy": false,
        "max_speed": 130
      }
    },
    {
      "model": "edb.vehicle",
      "pk": 2,
      "fields": {
        "name": "truck",
        "info": "Standard truck",
        "isheavy": true,
        "max_speed": 90
      }
    },
    {
      "model": "edb.vehiclefuel",
      "pk": 1,
      "fields": {
        "name": "petrol"
      }
    },
    {
      "model": "edb.vehiclefuel",
      "pk": 2,
      "fields": {
        "name": "diesel"
      }
    },
    {
      "model": "edb.fuel",
      "pk": 1,
      "fields": {
        "name": "residual oil"
      }
    },
    {
      "model": "edb.fleet",
      "pk": 1,
      "fields": {
        "name": "Reference fleet",
        "is_template": true,
        "default_heavy_vehicle_share": 0.2
      }
    },
    {
      "model": "edb.fleetmember",
      "pk": 1,
      "fields": {
        "fleet": 1,
        "vehicle": 1,
        "timevar": 1,
        "coldstart_timevar": 1,
        "fraction": 0.8,
        "coldstart_fraction": 0.27
      }
    },
    {
      "model": "edb.fleetmember",
      "pk": 2,
      "fields": {
        "fleet": 1,
        "vehicle": 2,
        "timevar": 1,
        "coldstart_timevar": 1,
        "fraction": 0.2,
        "coldstart_fraction": 0.27
      }
    },
    {
      "model": "edb.roadsource",
      "pk": 1,
      "fields": {
        "name": "E4",
        "created": "2018-08-23T00:00:00Z",
        "updated": "2018-08-23T00:00:00Z",
        "tags": {
          "state": true
        },
        "geom": "SRID=4326;LINESTRING (16.25152587890624 58.6640846869553, 16.16226196289062 58.65122696412078, 16.08673095703124 58.61977702508166, 15.99884033203124 58.60833366077632)",
        "aadt": 30000,
        "nolanes": 4,
        "speed": 90,
        "width": 40.0,
        "slope": 0,
        "heavy_vehicle_share": null,
        "roadclass": 2,
        "fleet": 1,
        "congestion_profile": 1
      }
    },
    {
      "model": "edb.roadsource",
      "pk": 2,
      "fields": {
        "name": "Kungsgatan",
        "created": "2018-08-23T00:00:00Z",
        "updated": "2018-08-23T00:00:00Z",
        "tags": {
          "state": true
        },
        "geom": "SRID=4326;LINESTRING (16.22406005859375 58.6519414063532, 16.21513366699218 58.64944079455767, 16.21994018554687 58.64408173742444, 16.20723724365234 58.63943655574991)",
        "aadt": 15000,
        "nolanes": 2,
        "speed": 70,
        "width": 10.0,
        "slope": 0,
        "heavy_vehicle_share": null,
        "roadclass": 1,
        "fleet": 1,
        "congestion_profile": 1
      }
    }
  ]
