codon,three.letter,WCcognate.conc,wobblecognate.conc,nearcognate.conc
AAA,Lys,5.409252669039146e-06,0.0,3.8540925266903914e-05
AAC,Asn,7.437722419928825e-06,0.0,3.651245551601424e-05
AAG,Lys,9.466192170818504e-06,5.409252669039146e-06,3.110320284697509e-05
AAU,Asn,0.0,7.437722419928825e-06,3.651245551601424e-05
ACA,Thr,3.380782918149466e-06,7.437722419928825e-06,3.110320284697509e-05
ACC,Thr,0.0,1.0818505338078292e-05,2.434163701067616e-05
ACG,Thr,6.761565836298932e-07,3.380782918149466e-06,3.0427046263345197e-05
ACU,Thr,7.437722419928825e-06,3.380782918149466e-06,2.434163701067616e-05
AGA,Arg,8.113879003558719e-06,0.0,1.5551601423487544e-05
AGC,Ser,1.3523131672597865e-06,0.0,3.110320284697509e-05
AGG,Arg,6.761565836298932e-07,0.0,1.825622775800712e-05
AGU,Ser,0.0,1.3523131672597865e-06,3.110320284697509e-05
AUA,Ile,1.3523131672597865e-06,8.790035587188612e-06,3.718861209964412e-05
AUC,Ile,6.761565836298932e-07,8.790035587188612e-06,3.651245551601423e-05
AUG,Met,4.056939501779359e-06,0.0,3.516014234875445e-05
AUU,Ile,8.790035587188612e-06,6.761565836298932e-07,3.651245551601423e-05
CAA,Gln,6.0854092526690395e-06,0.0,4.3950177935943063e-05
CAC,His,5.409252669039146e-06,0.0,4.5302491103202844e-05
CAG,Gln,6.761565836298932e-07,6.0854092526690395e-06,4.462633451957295e-05
CAU,His,0.0,5.409252669039146e-06,4.5302491103202844e-05
CCA,Pro,6.761565836298932e-06,1.3523131672597865e-06,3.380782918149466e-05
CCC,Pro,0.0,1.3523131672597865e-06,4.056939501779359e-05
CCG,Pro,0.0,8.113879003558719e-06,2.6370106761565835e-05
CCU,Pro,1.3523131672597865e-06,0.0,4.056939501779359e-05
CGA,Arg,0.0,4.733096085409252e-06,1.9608540925266902e-05
CGC,Arg,0.0,4.733096085409252e-06,2.8398576512455516e-05
CGG,Arg,6.761565836298932e-07,0.0,2.298932384341637e-05
CGU,Arg,4.733096085409252e-06,0.0,2.8398576512455516e-05
CUA,Leu,2.0284697508896797e-06,0.0,4.5978647686832734e-05
CUC,Leu,6.761565836298932e-07,2.0284697508896797e-06,4.3274021352313166e-05
CUG,Leu,0.0,2.0284697508896797e-06,3.786476868327402e-05
CUU,Leu,0.0,2.704626334519573e-06,4.3274021352313166e-05
GAA,Glu,1.0142348754448398e-05,0.0,4.597864768683274e-05
GAC,Asp,1.0818505338078292e-05,0.0,4.462633451957295e-05
GAG,Glu,1.3523131672597865e-06,1.0142348754448398e-05,4.5302491103202844e-05
GAU,Asp,0.0,1.0818505338078292e-05,4.462633451957295e-05
GCA,Ala,4.056939501779359e-06,7.437722419928825e-06,3.042704626334519e-05
GCC,Ala,0.0,1.1494661921708185e-05,2.366548042704626e-05
GCG,Ala,0.0,4.056939501779359e-06,3.786476868327402e-05
GCU,Ala,7.437722419928825e-06,4.056939501779359e-06,2.366548042704626e-05
GGA,Gly,2.0284697508896797e-06,0.0,3.380782918149466e-05
GGC,Gly,1.0818505338078292e-05,0.0,2.501779359430605e-05
GGG,Gly,1.3523131672597865e-06,0.0,3.0427046263345197e-05
GGU,Gly,0.0,1.0818505338078292e-05,2.501779359430605e-05
GUA,Val,2.0284697508896797e-06,9.466192170818504e-06,3.718861209964413e-05
GUC,Val,0.0,9.466192170818504e-06,3.98932384341637e-05
GUG,Val,1.3523131672597865e-06,2.0284697508896797e-06,4.5302491103202844e-05
GUU,Val,9.466192170818504e-06,0.0,3.98932384341637e-05
UAA,Stop,0.0,0.0,5.0035587188612096e-05
UAC,Tyr,5.409252669039146e-06,0.0,4.5302491103202844e-05
UAG,Stop,0.0,0.0,5.138790035587189e-05
UAU,Tyr,0.0,5.409252669039146e-06,4.5302491103202844e-05
UCA,Ser,2.704626334519573e-06,7.437722419928825e-06,3.1779359430604985e-05
UCC,Ser,0.0,7.437722419928825e-06,3.448398576512455e-05
UCG,Ser,6.761565836298932e-07,2.704626334519573e-06,3.110320284697509e-05
UCU,Ser,7.437722419928825e-06,0.0,3.448398576512455e-05
UGA,Stop,0.0,0.0,2.4341637010676158e-05
UGC,Cys,2.704626334519573e-06,0.0,3.0427046263345194e-05
UGG,Trp,4.056939501779359e-06,0.0,1.9608540925266906e-05
UGU,Cys,0.0,2.704626334519573e-06,3.0427046263345194e-05
UUA,Leu,4.733096085409252e-06,0.0,4.3274021352313166e-05
UUC,Phe,7.437722419928825e-06,0.0,3.8540925266903914e-05
UUG,Leu,6.761565836298932e-06,4.733096085409252e-06,2.8398576512455516e-05
UUU,Phe,0.0,7.437722419928825e-06,3.8540925266903914e-05
