Time [s],Speed [m/s],Lane ID,Vehicle ID
19330,0.0,-108256390_0,veh1933
19331,2.5443865799112246,-108256390_0,veh1933
19332,3.967220306186937,-108256390_0,veh1933
19333,6.0733989022672175,-108256390_0,veh1933
19334,7.823893250292167,-108256390_0,veh1933
19335,9.331667396845296,-108256390_0,veh1933
19336,10.847419881517999,-108256390_0,veh1933
19337,12.582902228576131,-108256390_0,veh1933
19338,14.218954465375282,-108256390_0,veh1933
19339,16.792608570703305,-108256390_0,veh1933
19340,18.473168851411902,-108256390_0,veh1933
19341,20.371419599924348,-108256390_0,veh1933
19342,20.36017546138458,-108256390_0,veh1933
19343,20.23299858213134,-108256390_0,veh1933
19344,20.060398152952196,-108256390_0,veh1933
19345,20.881707850882897,-108256390_0,veh1933
19346,20.760613384393157,-108256390_0,veh1933
19347,19.99053532194078,-108256390_0,veh1933
19348,20.157871234665738,-108256390_0,veh1933
19349,20.523768463094832,-108256390_0,veh1933
19350,20.341473527152203,-108256390_0,veh1933
19351,20.111549334616512,-108256390_0,veh1933
19352,20.219684917123168,-108256390_0,veh1933
19353,20.290984316581973,-108256390_0,veh1933
19354,19.98386438425362,-108256390_0,veh1933
19355,19.75683359302778,-108256390_0,veh1933
19356,20.445799745588676,-108256390_0,veh1933
19357,19.71520987033576,-108256390_0,veh1933
19358,19.867759354242235,-108256390_0,veh1933
19359,20.778638288906887,-108256390_0,veh1933
19360,20.08725240355555,-108256390_0,veh1933
19361,20.44376016474992,-108256390_0,veh1933
19362,19.790393131544924,-108256390_0,veh1933
19363,19.862899780429082,-108256390_0,veh1933
19364,19.94041551516123,-108256390_0,veh1933
19365,20.81942015787784,-108256390_0,veh1933
19366,20.855726087924204,-108256390_0,veh1933
19367,19.670897614576035,-108256390_0,veh1933
19368,20.53213498780236,-108256390_0,veh1933
19369,20.14291698591981,-108256390_0,veh1933
19370,19.95734141249407,-108256390_0,veh1933
19371,20.53095312837243,-108256390_0,veh1933
19372,20.198556531516015,-108256390_0,veh1933
19373,19.957183992645817,-108256390_0,veh1933
19374,20.764461487547607,-108256390_0,veh1933
19375,20.443849297605567,-108256390_0,veh1933
19376,20.606157667368763,-108256390_0,veh1933
19377,19.998969813405647,-108256390_0,veh1933
19378,20.746390409527457,-108256390_0,veh1933
19379,20.646337085722127,-108256390_0,veh1933
19380,20.40356270395417,-108256390_0,veh1933
19381,20.481588784434944,-108256390_0,veh1933
19382,19.89294965513248,-108256390_0,veh1933
19383,20.860343730651884,-108256390_0,veh1933
19384,20.825516950960385,-108256390_0,veh1933
19385,19.857397431174405,-108256390_0,veh1933
19386,19.839951815611794,-108256390_0,veh1933
19387,19.6255830947702,-108256390_0,veh1933
19388,20.361094947035536,-108256390_0,veh1933
19389,20.427745502923727,-108256390_0,veh1933
19390,20.130632772568724,-108256390_0,veh1933
19391,20.418459976550302,-108256390_0,veh1933
19392,20.201771786824914,-108256390_0,veh1933
19393,19.66607614421949,-108256390_0,veh1933
19394,19.813682383920177,-108256390_0,veh1933
19395,20.919560960998872,-108256390_0,veh1933
19396,19.94174172805354,-108256390_0,veh1933
19397,20.706949934961386,-108256390_0,veh1933
19398,20.719549279489666,-108256390_0,veh1933
19399,20.246570173038283,-108256390_0,veh1933
19400,20.857483932857512,-108256390_0,veh1933
19401,20.32656951932434,-108256390_0,veh1933
19402,19.650125557898654,-108256390_0,veh1933
19403,20.85984968027763,-108256390_0,veh1933
19404,19.845982555478923,-108256390_0,veh1933
19405,20.107055466149113,-108256390_0,veh1933
19406,20.008273953075634,-108256390_0,veh1933
19407,20.81488644493941,-108256390_0,veh1933
19408,20.855818865650445,-108256390_0,veh1933
19409,20.73594857202109,-108256390_0,veh1933
19410,20.066516434789747,-108256390_0,veh1933
19411,19.800270441493133,-108256390_0,veh1933
19412,19.639694922270365,-108256390_0,veh1933
19413,19.888393299018144,-108256390_0,veh1933
19414,20.74579490995232,-108256390_0,veh1933
19415,20.458861612451376,-108256390_0,veh1933
19416,20.834231126161406,-108256390_0,veh1933
19417,19.630834750963487,-108256390_0,veh1933
19418,19.68718150557682,-108256390_0,veh1933
19419,20.341745959587506,-108256390_0,veh1933
19420,20.178374919660502,-108256390_0,veh1933
19421,20.89902343155548,-108256390_0,veh1933
19422,20.675494036140964,-108256390_0,veh1933
19423,20.360376170200407,-108256390_0,veh1933
19424,19.62568994559545,-108256390_0,veh1933
19425,20.82644216755137,-108256390_0,veh1933
19426,20.508635811523646,-108256390_0,veh1933
19427,20.349387843340747,-108256390_0,veh1933
19428,20.01851462562766,-108256390_0,veh1933
19429,20.20579734602209,-108256390_0,veh1933
19430,20.884862770901172,-108256390_0,veh1933
19431,20.43509239642147,-108256390_0,veh1933
19432,20.83418133532826,-108256390_0,veh1933
19433,20.08982083417207,-108256390_0,veh1933
19434,20.57387957206659,:1243548506_1_0,veh1933
19435,16.07387957206659,544864372_0,veh1933
19436,11.92097379167856,544864372_0,veh1933
19437,8.096787945550949,544864372_0,veh1933
19438,8.778211860292034,:5266558702_0_0,veh1933
19439,8.438129359963142,23016392#4_0,veh1933
19440,6.7415829266517235,:248158627_0_0,veh1933
19441,6.465588135817349,886063413_0,veh1933
19442,8.340138540566228,1213916685_0,veh1933
19443,10.439284049193635,27776738_0,veh1933
19444,12.854325421722866,27776738_0,veh1933
19445,15.207556119826881,27776738_0,veh1933
19446,17.74689318040412,27776738_0,veh1933
19447,19.284899160368628,27776738_0,veh1933
19448,21.10809874975614,27776738_0,veh1933
19449,22.74022173645001,27776738_0,veh1933
19450,24.96089627233826,27776738_0,veh1933
19451,27.244373792466043,27776738_0,veh1933
19452,29.581763351159438,27776738_0,veh1933
19453,31.96088219274328,27776738_0,veh1933
19454,33.037377841569075,27776738_0,veh1933
19455,33.52487813880067,27776738_0,veh1933
19456,33.47026809843589,27776738_0,veh1933
19457,33.60497696172312,27776738_0,veh1933
19458,33.40339114953164,27776738_0,veh1933
19459,33.32594282462593,27776738_0,veh1933
19460,33.10021907424886,27776738_0,veh1933
19461,32.942233991374785,27776738_0,veh1933
19462,33.57131676460482,27776738_0,veh1933
19463,33.77790694356296,:304993235_0_0,veh1933
19464,33.38539701968763,:304993235_0_0,veh1933
19465,33.945815710871074,886063407_0,veh1933
19466,33.00157786236011,886063407_0,veh1933
19467,33.653727470648995,886063407_0,veh1933
19468,32.95410208744794,886063407_0,veh1933
19469,33.660744831462914,886063407_0,veh1933
19470,32.928349207955,886063407_0,veh1933
19471,33.91141395904921,886063407_0,veh1933
19472,33.29161078541871,886063407_0,veh1933
19473,33.05089408504643,886063407_0,veh1933
19474,33.5256206472484,886063407_0,veh1933
19475,32.85666933086101,886063407_0,veh1933
19476,33.826025126160644,886063407_0,veh1933
19477,32.87980300216802,886063407_0,veh1933
19478,33.05585933740583,886063407_0,veh1933
19479,32.82040126454883,886063407_0,veh1933
19480,33.06745520323381,886063407_0,veh1933
19481,33.279941044220294,886063407_0,veh1933
19482,33.62097483843897,886063407_0,veh1933
19483,32.83971273483109,886063407_0,veh1933
19484,33.316859561934656,886063407_0,veh1933
19485,33.76925489763595,886063407_0,veh1933
19486,33.105070817734635,886063407_0,veh1933
19487,33.901622878954335,886063407_0,veh1933
19488,33.42859260629263,886063407_0,veh1933
19489,33.6691818475803,886063407_0,veh1933
19490,32.851126581112446,886063407_0,veh1933
19491,33.746867896019076,886063407_0,veh1933
19492,33.77619579335075,886063407_0,veh1933
19493,32.98863950279407,886063407_0,veh1933
19494,33.402065260204076,886063407_0,veh1933
19495,32.93866705024481,886063407_0,veh1933
19496,33.60317337581288,886063407_0,veh1933
19497,33.330105214178154,886063407_0,veh1933
19498,33.293786365151,886063407_0,veh1933
19499,33.62751777070441,886063407_0,veh1933
19500,33.13653817177616,886063407_0,veh1933
19501,33.82847790735174,886063407_0,veh1933
19502,33.5660345471311,886063407_0,veh1933
19503,32.85514395675488,886063407_0,veh1933
19504,32.894952597151104,886063407_0,veh1933
19505,33.6253550936082,886063407_0,veh1933
19506,33.24086984692473,886063407_0,veh1933
19507,33.443788586658016,886063407_0,veh1933
19508,33.16011295868881,886063407_0,veh1933
19509,33.55150118741073,886063407_0,veh1933
19510,33.27208063833747,886063407_0,veh1933
19511,33.50457404997066,886063407_0,veh1933
19512,33.67114205396135,886063407_0,veh1933
19513,33.88629513388366,886063407_0,veh1933
19514,33.975250062820095,886063407_0,veh1933
19515,33.490941505700874,886063407_0,veh1933
19516,33.06238655332342,886063407_0,veh1933
19517,32.84519166483876,886063407_0,veh1933
19518,33.97551589138672,886063407_0,veh1933
19519,33.92026280074712,886063407_0,veh1933
19520,32.7702840889651,886063407_0,veh1933
19521,33.25096159494348,886063407_0,veh1933
19522,32.79733404417854,886063407_0,veh1933
19523,33.58094939997751,886063407_0,veh1933
19524,33.19637132138811,886063407_0,veh1933
19525,33.18801736152597,886063407_0,veh1933
19526,32.74922904116899,886063407_0,veh1933
19527,33.93014231269114,886063407_0,veh1933
19528,33.7305063624946,886063407_0,veh1933
19529,33.187447256789135,886063407_0,veh1933
19530,33.1788029615847,886063407_0,veh1933
19531,33.00790703092568,886063407_0,veh1933
19532,33.259799374298716,886063407_0,veh1933
19533,32.83565672392357,886063407_0,veh1933
19534,33.08975425184105,886063407_0,veh1933
19535,33.257492393076944,886063407_0,veh1933
19536,33.2946697580475,886063407_0,veh1933
19537,33.77960989387572,886063407_0,veh1933
19538,33.54898740230926,886063407_0,veh1933
19539,32.81743159730319,886063407_0,veh1933
19540,33.93468474220351,886063407_0,veh1933
19541,32.855620072440765,886063407_0,veh1933
19542,33.96832578907121,886063407_0,veh1933
19543,33.65668234623369,886063407_0,veh1933
19544,33.2779686867572,886063407_0,veh1933
19545,32.72191804215178,886063407_0,veh1933
19546,32.77382146069646,886063407_0,veh1933
19547,33.06068637646601,886063407_0,veh1933
19548,33.25626139266748,886063407_0,veh1933
19549,33.18435527722683,886063407_0,veh1933
19550,33.221564646957965,886063407_0,veh1933
19551,33.00943004291836,886063407_0,veh1933
19552,33.56921558902465,886063407_0,veh1933
19553,33.822755685712735,886063407_0,veh1933
19554,32.80372205067758,886063407_0,veh1933
19555,32.97526230377477,886063407_0,veh1933
19556,32.721060686077514,886063407_0,veh1933
19557,33.242592975086126,886063407_0,veh1933
19558,33.393509316033274,886063407_0,veh1933
19559,32.94135952269059,886063407_0,veh1933
19560,32.881869753970356,886063407_0,veh1933
19561,33.324892833417806,886063407_0,veh1933
19562,33.28222561986983,886063407_0,veh1933
19563,33.609008088715896,886063407_0,veh1933
19564,33.13964217105747,886063407_0,veh1933
19565,32.76655818795186,886063407_0,veh1933
19566,33.339033995739705,886063407_0,veh1933
19567,33.16641233538609,886063407_0,veh1933
19568,33.40248131361656,886063407_0,veh1933
19569,33.451831256652774,886063407_0,veh1933
19570,32.753047049472634,886063407_0,veh1933
19571,33.11278556590766,886063407_0,veh1933
19572,33.11860409028228,886063407_0,veh1933
19573,33.459163993209195,886063407_0,veh1933
19574,33.6211579881921,886063407_0,veh1933
19575,32.96751678547222,886063407_0,veh1933
19576,32.88306253348343,886063407_0,veh1933
19577,33.42330891991366,886063407_0,veh1933
19578,33.166995561899206,886063407_0,veh1933
19579,33.37831804264203,886063407_0,veh1933
19580,32.92214710771438,886063407_0,veh1933
19581,33.33941445612215,886063407_0,veh1933
19582,33.299490320969895,886063407_0,veh1933
19583,33.08990204858925,886063407_0,veh1933
19584,32.90641608201765,886063407_0,veh1933
19585,33.78819907289796,886063407_0,veh1933
19586,33.7403512478653,886063407_0,veh1933
19587,33.937425029588454,886063407_0,veh1933
19588,33.46176497462071,886063407_0,veh1933
19589,33.58462128656317,886063407_0,veh1933
19590,33.72520581079513,886063407_0,veh1933
19591,33.48847935475275,886063407_0,veh1933
19592,32.81009353751649,886063407_0,veh1933
19593,32.85888204275031,886063407_0,veh1933
19594,33.404471580342914,886063407_0,veh1933
19595,33.60232415335119,886063407_0,veh1933
19596,33.13657185550179,886063407_0,veh1933
19597,33.238122448077014,886063407_0,veh1933
19598,32.9162471094947,886063407_0,veh1933
19599,33.5219175525555,886063407_0,veh1933
19600,33.00576653632667,886063407_0,veh1933
19601,33.200094900241645,886063407_0,veh1933
19602,33.29832359522913,886063407_0,veh1933
19603,33.92781846947834,886063407_0,veh1933
19604,33.27164270783175,886063407_0,veh1933
19605,33.12880592961662,886063407_0,veh1933
19606,32.86848319639318,886063407_0,veh1933
19607,33.19274606959295,886063407_0,veh1933
19608,32.88327208811749,886063407_0,veh1933
19609,33.83517369263206,886063407_0,veh1933
19610,33.67996400527988,886063407_0,veh1933
19611,33.59201375880145,886063407_0,veh1933
19612,33.65126431419846,886063407_0,veh1933
19613,33.68225054804567,886063407_0,veh1933
19614,33.28404474203341,886063407_0,veh1933
19615,33.72003777535498,886063407_0,veh1933
19616,33.817456181890854,886063407_0,veh1933
19617,33.87646049089596,886063407_0,veh1933
19618,32.89432546541426,886063407_0,veh1933
19619,33.781493344282325,886063407_0,veh1933
19620,33.0770915839668,886063407_0,veh1933
19621,33.15469950771291,886063407_0,veh1933
19622,33.01545547832135,886063407_0,veh1933
19623,33.8162781223036,886063407_0,veh1933
19624,33.49587607328646,886063407_0,veh1933
19625,33.12683828820806,886063407_0,veh1933
19626,33.46007606290147,886063407_0,veh1933
19627,33.3647034512214,886063407_0,veh1933
19628,33.9179754822129,886063407_0,veh1933
19629,32.91941624820098,886063407_0,veh1933
19630,33.951441773850064,886063407_0,veh1933
19631,33.10900076672767,886063407_0,veh1933
19632,33.009140861391614,886063407_0,veh1933
19633,33.67949846250337,886063407_0,veh1933
19634,32.95320592115965,886063407_0,veh1933
19635,33.99525293315161,886063407_0,veh1933
19636,33.10382791958615,886063407_0,veh1933
19637,32.86505621411704,886063407_0,veh1933
19638,33.39451260132115,886063407_0,veh1933
19639,32.701611478914096,886063407_0,veh1933
19640,32.77822346613608,886063407_0,veh1933
19641,33.07832128920924,886063407_0,veh1933
19642,33.35229119249485,886063407_0,veh1933
19643,33.93344355389342,886063407_0,veh1933
19644,33.295598296852376,886063407_0,veh1933
19645,33.64027800439723,886063407_0,veh1933
19646,33.078724209343605,886063407_0,veh1933
19647,32.80167396816757,886063407_0,veh1933
19648,33.71936877542973,886063407_0,veh1933
19649,33.39479868915729,886063407_0,veh1933
19650,33.28242582351301,886063407_0,veh1933
19651,33.70048963123333,886063407_0,veh1933
19652,33.11042942917772,886063407_0,veh1933
19653,33.504123271613906,886063407_0,veh1933
19654,33.77851378969714,886063407_0,veh1933
19655,33.8737720546858,886063407_0,veh1933
19656,32.72234690164547,886063407_0,veh1933
19657,32.94550593165547,886063407_0,veh1933
19658,33.33927795508277,886063407_0,veh1933
19659,33.83799812955182,886063407_0,veh1933
19660,32.85361648235336,886063407_0,veh1933
19661,33.4091575146034,886063407_0,veh1933
19662,33.87970296680793,886063407_0,veh1933
19663,33.76906221528404,886063407_0,veh1933
19664,32.79729561352503,886063407_0,veh1933
19665,33.60179183970537,886063407_0,veh1933
19666,32.98083591627289,886063407_0,veh1933
19667,32.92750829587091,886063407_0,veh1933
19668,33.32023244836234,886063407_0,veh1933
19669,32.71926413686812,886063407_0,veh1933
19670,32.78287935125042,886063407_0,veh1933
19671,32.752850548511894,886063407_0,veh1933
19672,32.858055326653236,886063407_0,veh1933
19673,33.33606463117391,886063407_0,veh1933
19674,32.89653835618734,886063407_0,veh1933
19675,32.84896863520477,886063407_0,veh1933
19676,33.16616860971187,886063407_0,veh1933
19677,32.89330499547865,886063407_0,veh1933
19678,33.15640422809735,886063407_0,veh1933
19679,33.79661666423414,886063407_0,veh1933
19680,33.238204863861725,886063407_0,veh1933
19681,33.384586058984105,886063407_0,veh1933
19682,33.794175216284174,886063407_0,veh1933
19683,32.96729500681028,886063407_0,veh1933
19684,33.8778721124712,886063407_0,veh1933
19685,33.57700577923894,886063407_0,veh1933
19686,32.72348297288042,886063407_0,veh1933
19687,33.169901526843724,886063407_0,veh1933
19688,33.25471728389017,886063407_0,veh1933
19689,32.74950677413359,886063407_0,veh1933
19690,33.0042648193739,886063407_0,veh1933
19691,33.28776679749932,886063407_0,veh1933
19692,32.80135910486203,886063407_0,veh1933
19693,33.5163451271677,886063407_0,veh1933
19694,32.97173685520753,886063407_0,veh1933
19695,33.02867875737935,886063407_0,veh1933
19696,33.125822575188764,886063407_0,veh1933
19697,33.60486391837109,886063407_0,veh1933
19698,33.83666034520935,886063407_0,veh1933
19699,33.80689394863654,886063407_0,veh1933
19700,33.2275210964806,:308820780_1_0,veh1933
19701,33.42380281652655,:308820780_1_0,veh1933
19702,33.47792641830962,886063406_0,veh1933
19703,33.31582803510461,886063406_0,veh1933
19704,33.90432102271222,886063406_0,veh1933
19705,33.910809921783915,886063406_0,veh1933
19706,33.39555737069674,886063401_0,veh1933
19707,33.68351908862457,886063401_0,veh1933
19708,33.77901309671212,886063401_0,veh1933
19709,32.85409109341778,886063401_0,veh1933
19710,32.76735171369143,886063401_0,veh1933
19711,33.51350204516999,886063401_0,veh1933
19712,32.89356965600379,886063401_0,veh1933
19713,32.72432292486407,886063401_0,veh1933
19714,33.65402156376146,886063401_0,veh1933
19715,32.82292504020367,886063401_0,veh1933
19716,33.204175953668134,886063401_0,veh1933
19717,33.38968114131928,886063401_0,veh1933
19718,33.27622650187329,886063401_0,veh1933
19719,33.13003982273728,886063401_0,veh1933
19720,33.09307746003248,886063401_0,veh1933
19721,32.76087081081565,886063401_0,veh1933
19722,33.45649423991196,886063401_0,veh1933
19723,33.58212132454716,886063400_0,veh1933
19724,33.499464118465376,886063400_0,veh1933
19725,33.09531849549018,886063400_0,veh1933
19726,33.65148094215762,886063400_0,veh1933
19727,33.20053147655778,886063400_0,veh1933
19728,33.294256743843256,886063400_0,veh1933
19729,33.51770077839826,886063400_0,veh1933
19730,32.70202284744807,886063400_0,veh1933
19731,33.366682918028495,886063400_0,veh1933
19732,33.92661466303613,886063400_0,veh1933
19733,33.16933283713512,886063389_0,veh1933
19734,33.35036178620864,886063389_0,veh1933
19735,33.6417609915217,886063389_0,veh1933
19736,33.42900232037861,886063389_0,veh1933
19737,32.79608846519474,886063389_0,veh1933
19738,33.743558549958806,886063389_0,veh1933
19739,33.02301245795895,886063389_0,veh1933
19740,33.895302761726605,886063389_0,veh1933
19741,33.19028246578161,886063389_0,veh1933
19742,33.14776485265099,886063389_0,veh1933
19743,33.21055509860959,886063389_0,veh1933
19744,33.855518053317034,886063389_0,veh1933
19745,32.8309890854485,886063389_0,veh1933
19746,33.85410142693069,886063389_0,veh1933
19747,33.088124858782216,886063389_0,veh1933
19748,33.0866002380462,886063389_0,veh1933
19749,33.780443512586466,886063389_0,veh1933
19750,33.09806906702794,886063389_0,veh1933
19751,33.074261721510965,886063389_0,veh1933
19752,33.4587414309695,886063389_0,veh1933
19753,33.98695707207877,886063389_0,veh1933
19754,33.72730082078703,886063389_0,veh1933
19755,33.575121923241355,886063389_0,veh1933
19756,33.991141999777,886063389_0,veh1933
19757,33.304447231170315,886063389_0,veh1933
19758,33.31230687732674,886063389_0,veh1933
19759,33.397064738984746,886063389_0,veh1933
19760,33.44264464544464,886063389_0,veh1933
19761,33.43693852455687,886063389_0,veh1933
19762,33.64244477433019,886063389_0,veh1933
19763,33.74845155354921,886063389_0,veh1933
19764,32.92196554127947,886063389_0,veh1933
19765,33.282272239223644,886063389_0,veh1933
19766,33.78370952730399,886063389_0,veh1933
19767,33.48634637811553,886063389_0,veh1933
19768,33.089153344890626,886063389_0,veh1933
19769,33.88997009781521,886063389_0,veh1933
19770,33.684444655113445,886063389_0,veh1933
19771,33.22647815740999,886063389_0,veh1933
19772,32.80597506226838,886063389_0,veh1933
19773,33.7500912074545,886063389_0,veh1933
19774,33.03956728434056,886063389_0,veh1933
19775,33.894980991569874,886063389_0,veh1933
19776,33.160987195520256,886063389_0,veh1933
19777,33.71493926789478,886063389_0,veh1933
19778,33.68071937973943,886063389_0,veh1933
19779,33.681074903843516,886063389_0,veh1933
19780,33.56682534057979,886063389_0,veh1933
19781,33.05591566097789,886063389_0,veh1933
19782,33.31283058306068,886063389_0,veh1933
19783,33.252898878169766,886063389_0,veh1933
19784,32.830617807464265,886063389_0,veh1933
19785,33.587326981880295,886063389_0,veh1933
19786,32.903542230193096,886063389_0,veh1933
19787,33.84824724596326,886063389_0,veh1933
19788,32.736436139241384,886063389_0,veh1933
19789,33.29293161333405,886063389_0,veh1933
19790,33.0922614022005,886063389_0,veh1933
19791,33.17056406122499,886063389_0,veh1933
19792,33.72537176318799,886063389_0,veh1933
19793,33.736851984130745,886063389_0,veh1933
19794,32.9039227526249,886063389_0,veh1933
19795,33.604824381120096,886063389_0,veh1933
19796,32.935751336890796,886063389_0,veh1933
19797,33.692668152096275,886063389_0,veh1933
19798,33.28314706385933,886063389_0,veh1933
19799,33.35399937341787,886063389_0,veh1933
19800,32.87539404750202,886063389_0,veh1933
19801,33.75856137881853,886063389_0,veh1933
19802,33.95448789802246,886063389_0,veh1933
19803,32.73653420115222,886063389_0,veh1933
19804,33.32036717690859,886063389_0,veh1933
19805,33.61681313869409,886063389_0,veh1933
19806,32.757333503555095,886063389_0,veh1933
19807,32.88882456962816,886063389_0,veh1933
19808,32.717546486001055,886063389_0,veh1933
19809,33.46152492559847,886063389_0,veh1933
19810,33.712836907323044,886063389_0,veh1933
19811,33.807045405692016,886063389_0,veh1933
19812,32.75088947646652,886063389_0,veh1933
19813,32.94377474313002,886063389_0,veh1933
19814,33.20587495673314,886063389_0,veh1933
19815,32.795416680614984,886063389_0,veh1933
19816,32.938579081798494,886063389_0,veh1933
19817,33.08132392010518,886063389_0,veh1933
19818,32.81136194219213,886063389_0,veh1933
19819,33.6632913353467,886063389_0,veh1933
19820,33.87687159519043,886063389_0,veh1933
19821,32.87265447534953,886063389_0,veh1933
19822,32.85763099252578,886063389_0,veh1933
19823,33.675286358696,886063389_0,veh1933
19824,33.1722360809879,886063389_0,veh1933
19825,33.33297822667152,886063389_0,veh1933
19826,33.780138631359264,886063389_0,veh1933
19827,33.32959675019007,886063389_0,veh1933
19828,33.29163457181637,886063389_0,veh1933
19829,33.32639853696671,886063389_0,veh1933
19830,32.92024984148663,886063389_0,veh1933
19831,33.063735281055386,886063389_0,veh1933
19832,33.726681359259935,886063389_0,veh1933
19833,33.5333118923321,886063389_0,veh1933
19834,33.26281677748408,886063389_0,veh1933
19835,32.80923044898879,886063389_0,veh1933
19836,33.482480147768335,886063389_0,veh1933
19837,33.535671138492006,886063389_0,veh1933
19838,33.57999002445355,886063389_0,veh1933
19839,33.092315901823866,886063389_0,veh1933
19840,33.915236743640676,886063389_0,veh1933
19841,32.814140811873195,886063389_0,veh1933
19842,33.88680542363651,886063389_0,veh1933
19843,33.76133801472239,886063389_0,veh1933
19844,33.823364858849494,886063389_0,veh1933
19845,33.643906407089496,886063389_0,veh1933
19846,33.71949554289092,886063389_0,veh1933
19847,32.816069229001705,886063389_0,veh1933
19848,33.80788321893994,886063389_0,veh1933
19849,33.50605191817373,886063389_0,veh1933
19850,33.55017848953936,886063389_0,veh1933
19851,33.52661435907573,886063389_0,veh1933
19852,33.45241115035821,886063389_0,veh1933
19853,33.940960183887334,:301650250_1_0,veh1933
19854,33.05749174576119,:301650250_1_0,veh1933
19855,33.7855956736799,886063387_0,veh1933
19856,33.699536601694824,886063387_0,veh1933
19857,33.98963352337811,886063387_0,veh1933
19858,33.76041830085084,886063387_0,veh1933
19859,33.79814679434855,886063387_0,veh1933
19860,33.610851199467255,886063384_0,veh1933
19861,33.310946176791155,886063384_0,veh1933
19862,33.36290085144207,886063384_0,veh1933
19863,33.361303710130564,886063384_0,veh1933
19864,32.9948474229626,886063384_0,veh1933
19865,32.87347708922677,886063384_0,veh1933
19866,33.485908373755926,886063384_0,veh1933
19867,32.90276952943165,886063384_0,veh1933
19868,33.86259923659597,886063384_0,veh1933
19869,32.98259036665183,886063384_0,veh1933
19870,33.88783672739152,886063384_0,veh1933
19871,33.56566463150882,886063384_0,veh1933
19872,33.2866919471962,886063384_0,veh1933
19873,33.957395122115095,886063384_0,veh1933
19874,33.50163792328309,886063384_0,veh1933
19875,33.611177335477954,886063384_0,veh1933
19876,33.79902191893995,886063384_0,veh1933
19877,33.571166490724835,886063384_0,veh1933
19878,33.70630648057774,886063382_0,veh1933
19879,32.74311709048558,886063382_0,veh1933
19880,33.914905493248774,886063382_0,veh1933
19881,33.55635504148301,886063382_0,veh1933
19882,33.51728171301872,886063382_0,veh1933
19883,32.906544056868704,886063382_0,veh1933
19884,33.01666043070942,886063382_0,veh1933
19885,33.174738238340765,:1148889015_1_0,veh1933
19886,33.63063231383782,:1148889015_1_0,veh1933
19887,33.46327860020899,886063380_0,veh1933
19888,32.916887582148014,886063380_0,veh1933
19889,33.05986691984214,886063380_0,veh1933
19890,33.22066124934569,886063380_0,veh1933
19891,33.65420942200214,886063380_0,veh1933
19892,33.60888910860155,886063380_0,veh1933
19893,33.289640027315876,886063380_0,veh1933
19894,32.91706746447232,886063380_0,veh1933
19895,33.06686707663682,886063380_0,veh1933
19896,33.35761693502642,886063380_0,veh1933
19897,33.36467885333911,886063380_0,veh1933
19898,33.141234289397076,886063380_0,veh1933
19899,32.82087532867078,886063380_0,veh1933
19900,33.020006244241785,886063380_0,veh1933
19901,33.34947682149574,886063380_0,veh1933
19902,33.16048094926734,886063380_0,veh1933
19903,33.009682276014765,886063380_0,veh1933
19904,33.19111882979848,886063380_0,veh1933
19905,33.59382175990246,886063380_0,veh1933
19906,32.74886813481204,886063380_0,veh1933
19907,33.407197639354095,886063380_0,veh1933
19908,33.1193887136025,886063380_0,veh1933
19909,33.29574307346117,886063380_0,veh1933
19910,33.80600637845561,886063380_0,veh1933
19911,33.74892100422509,886063380_0,veh1933
19912,32.831753042394816,886063380_0,veh1933
19913,33.9812585529951,886063380_0,veh1933
19914,33.264645314806664,886063380_0,veh1933
19915,32.73963644307438,886063380_0,veh1933
19916,33.22822537707031,886063380_0,veh1933
19917,33.29984474362206,886063380_0,veh1933
19918,33.57855739568692,886063380_0,veh1933
19919,33.164252424480914,886063380_0,veh1933
19920,33.52551166676782,886063380_0,veh1933
19921,32.890245445639415,886063380_0,veh1933
19922,33.16353975330345,886063380_0,veh1933
19923,33.283668399307466,886063380_0,veh1933
19924,32.9417738148091,886063380_0,veh1933
19925,32.888878469642776,886063380_0,veh1933
19926,33.14300021013111,886063380_0,veh1933
19927,33.15548517194908,886063380_0,veh1933
19928,33.06197548141569,886063380_0,veh1933
19929,32.72269904996134,886063379_0,veh1933
19930,33.07080678433046,886063379_0,veh1933
19931,33.699545091864245,886063379_0,veh1933
19932,33.21676195485849,886063379_0,veh1933
19933,32.743117660431714,886063379_0,veh1933
19934,33.210964475812915,886063379_0,veh1933
19935,33.816822755926815,886063379_0,veh1933
19936,33.8824574562335,1191357514_0,veh1933
19937,32.89130596011743,1191357514_0,veh1933
19938,32.96368674292095,1191357513_0,veh1933
19939,33.54394137226843,886063374_0,veh1933
19940,33.921925647797586,886063374_0,veh1933
19941,32.975092903858574,886063374_0,veh1933
19942,33.621677593219616,886063374_0,veh1933
19943,33.36220085800957,886063374_0,veh1933
19944,32.89299933394283,886063374_0,veh1933
19945,32.94286938415241,886063374_0,veh1933
19946,33.96547409098927,886063374_0,veh1933
19947,33.881858939243074,886063374_0,veh1933
19948,32.92982950365037,886063374_0,veh1933
19949,32.72317361471575,886063374_0,veh1933
19950,33.82114871638693,886063374_0,veh1933
19951,32.978464692769165,886063374_0,veh1933
19952,33.70966287398111,886063374_0,veh1933
19953,33.375823391749115,886063374_0,veh1933
19954,32.9171825276069,886063374_0,veh1933
19955,33.44810692473181,886063374_0,veh1933
19956,33.074552880142406,886063373_0,veh1933
19957,33.81076841520477,886063373_0,veh1933
19958,32.968439860300684,886063373_0,veh1933
19959,32.86114343221631,886063373_0,veh1933
19960,33.24039801385585,886063373_0,veh1933
19961,33.35244959030167,886063373_0,veh1933
19962,33.664577902023275,886063373_0,veh1933
19963,33.95510018301062,886063373_0,veh1933
19964,33.77585878508032,886063373_0,veh1933
19965,33.15079740859434,886063373_0,veh1933
19966,33.833607213696055,886063373_0,veh1933
19967,33.079859617407024,894470465_0,veh1933
19968,33.58409599872172,894470465_0,veh1933
19969,33.126230268886836,894470465_0,veh1933
19970,33.27633148092642,894470465_0,veh1933
19971,33.67572387453035,894470465_0,veh1933
19972,32.8776772023724,894470465_0,veh1933
19973,33.225359915833515,894470465_0,veh1933
19974,33.363214184095675,894470465_0,veh1933
19975,32.83560913992912,894470465_0,veh1933
19976,33.04562432254531,894470465_0,veh1933
19977,33.047224328418785,894470465_0,veh1933
19978,32.728097857589425,894470465_0,veh1933
19979,33.13982122343365,894470465_0,veh1933
19980,33.70357890120574,894470465_0,veh1933
19981,33.263153147705424,894470465_0,veh1933
19982,33.300206330705954,894470465_0,veh1933
19983,32.92133331453294,894470465_0,veh1933
19984,33.93242123942688,894470465_0,veh1933
19985,32.98964108187571,894470465_0,veh1933
19986,32.90769953078922,894470465_0,veh1933
19987,33.81395992679388,894470465_0,veh1933
19988,33.44747496767301,894470465_0,veh1933
19989,33.39920344504859,894470465_0,veh1933
19990,33.25268007939082,894470465_0,veh1933
19991,33.061166115532224,894470465_0,veh1933
19992,32.965021219880846,894470465_0,veh1933
19993,32.77558081721288,894470465_0,veh1933
19994,33.60484687235073,894470465_0,veh1933
19995,33.692062806951405,894470465_0,veh1933
19996,33.473686344766584,894470465_0,veh1933
19997,33.6417925141133,894470465_0,veh1933
19998,33.21417181695212,894470465_0,veh1933
19999,33.223524506770595,894470465_0,veh1933
20000,33.83588862149842,894470465_0,veh1933
20001,33.6301619060883,894470465_0,veh1933
20002,33.3142039813181,894470465_0,veh1933
20003,33.086533889415264,894470465_0,veh1933
20004,33.15063212936145,894470465_0,veh1933
20005,33.037363634080215,894470465_0,veh1933
20006,33.55563438167662,894470465_0,veh1933
20007,32.70944299309846,894470465_0,veh1933
20008,33.773234783656484,894470465_0,veh1933
20009,33.001724277374855,894470465_0,veh1933
20010,33.0953138251403,894470465_0,veh1933
20011,32.74499355655495,894470465_0,veh1933
20012,33.217624637795204,894470465_0,veh1933
20013,32.850631509496424,894470465_0,veh1933
20014,33.33975902382151,894470465_0,veh1933
20015,33.220285943298194,894470465_0,veh1933
20016,33.79753008478653,894470465_0,veh1933
20017,33.584581965728255,894470465_0,veh1933
20018,33.07051928328216,894470465_0,veh1933
20019,32.95450730613299,894470465_0,veh1933
20020,33.64286519965023,894470465_0,veh1933
20021,33.65670619770751,894470465_0,veh1933
20022,33.25211417040188,894470465_0,veh1933
20023,33.965801351758245,894470465_0,veh1933
20024,33.32381496902887,894470465_0,veh1933
20025,33.69955626589578,894470465_0,veh1933
20026,32.868213537715896,894470465_0,veh1933
20027,33.55352078593202,894470465_0,veh1933
20028,32.970371547582154,894470465_0,veh1933
20029,33.612116415410824,894470465_0,veh1933
20030,33.93999105874315,894470465_0,veh1933
20031,33.71367473479692,894470465_0,veh1933
20032,33.435933908688426,894470465_0,veh1933
20033,33.24336974416725,894470465_0,veh1933
20034,33.296777332279426,894470465_0,veh1933
20035,33.85229148474388,894470465_0,veh1933
20036,33.28346712629642,894470465_0,veh1933
20037,32.92868557182007,894470465_0,veh1933
20038,33.098648095069045,894470465_0,veh1933
20039,33.17536872740235,894470465_0,veh1933
20040,32.74197066760022,894470465_0,veh1933
20041,33.1976586444616,894470465_0,veh1933
20042,33.77498774454795,894470465_0,veh1933
20043,33.057917557571606,894470465_0,veh1933
20044,33.62236437891476,894470465_0,veh1933
20045,33.752505922418614,894470465_0,veh1933
20046,33.113403231332605,894470465_0,veh1933
20047,33.22689746009052,894470465_0,veh1933
20048,32.74102248608467,894470465_0,veh1933
20049,33.91588549579826,894470465_0,veh1933
20050,33.84804072115436,894470465_0,veh1933
20051,33.1293601079458,894470465_0,veh1933
20052,33.7547189391065,894470465_0,veh1933
20053,33.31314862783399,894470465_0,veh1933
20054,32.8901558230478,894470465_0,veh1933
20055,33.0542172251349,894470465_0,veh1933
20056,33.681846886043026,894470465_0,veh1933
20057,33.66079407626163,894470465_0,veh1933
20058,33.04080906560045,894470465_0,veh1933
20059,33.721646672448664,894470465_0,veh1933
20060,33.88604084861797,894470465_0,veh1933
20061,33.22522967300244,894470465_0,veh1933
20062,32.832837241570054,894470465_0,veh1933
20063,33.912475697261804,894470465_0,veh1933
20064,33.52182286522217,894470465_0,veh1933
20065,33.43082110233005,894470465_0,veh1933
20066,33.324464848971516,894470465_0,veh1933
20067,33.48469197885931,894470465_0,veh1933
20068,32.72875656942703,894470465_0,veh1933
20069,33.4847565132273,894470465_0,veh1933
20070,33.31793287401885,894470465_0,veh1933
20071,33.53041338844557,894470465_0,veh1933
20072,33.91839063485019,894470465_0,veh1933
20073,33.83854228373017,894470465_0,veh1933
20074,33.65430299486831,894470465_0,veh1933
20075,33.91604858605057,894470465_0,veh1933
20076,32.8903661455806,894470465_0,veh1933
20077,33.26577568113204,894470465_0,veh1933
20078,33.27922687568568,894470465_0,veh1933
20079,32.89044923028775,894470465_0,veh1933
20080,33.50552257381711,894470465_0,veh1933
20081,33.94128624574147,894470465_0,veh1933
20082,33.37923023915716,894470465_0,veh1933
20083,32.81209894398559,894470465_0,veh1933
20084,32.79576991827559,:308821032_1_0,veh1933
20085,32.74308235343412,894470464_0,veh1933
20086,33.45121482192405,894470464_0,veh1933
20087,33.21876118272409,894470464_0,veh1933
20088,33.4973063196601,894470464_0,veh1933
20089,33.79434509564523,894470452_0,veh1933
20090,33.777810155328886,894470452_0,veh1933
20091,32.97128091494884,894470452_0,veh1933
20092,33.716921198213065,894470452_0,veh1933
20093,33.76547948576842,894470452_0,veh1933
20094,33.12456263556011,894470452_0,veh1933
20095,33.63999112959352,894470452_0,veh1933
20096,33.70842949571885,894470452_0,veh1933
20097,33.905792279176936,894470452_0,veh1933
20098,33.9352512072153,894470452_0,veh1933
20099,33.64801206293848,894470452_0,veh1933
20100,32.973162134605055,894470452_0,veh1933
20101,32.77984475796908,894470452_0,veh1933
20102,33.2829727257216,894470452_0,veh1933
20103,33.343434507151656,894470452_0,veh1933
20104,32.8961349899029,894470452_0,veh1933
20105,33.91383781252295,894470452_0,veh1933
20106,33.730278697012515,894470452_0,veh1933
20107,33.234452544044295,894470450_0,veh1933
20108,32.93222014346026,894470450_0,veh1933
20109,33.561773894688635,894470450_0,veh1933
20110,33.199650795369934,894470450_0,veh1933
20111,33.607580832213685,894470450_0,veh1933
20112,33.83394276789256,894470450_0,veh1933
20113,33.062934556075895,894470450_0,veh1933
20114,32.93461351798248,894470450_0,veh1933
20115,32.78887422537297,:32994492_1_0,veh1933
20116,33.14705895181611,:32994492_1_0,veh1933
20117,33.119531474968944,:32994492_1_0,veh1933
20118,33.88319832022168,894470425_0,veh1933
20119,33.31593498430081,894470425_0,veh1933
20120,33.05526013272681,894470425_0,veh1933
20121,33.874783296215874,894470425_0,veh1933
20122,33.18994884722267,894470425_0,veh1933
20123,33.232083800396474,894470425_0,veh1933
20124,33.052246558441375,894470425_0,veh1933
20125,33.94011064815201,894470425_0,veh1933
20126,33.16876521195151,894470425_0,veh1933
20127,33.30677645300381,894470425_0,veh1933
20128,33.82473750706628,894470425_0,veh1933
20129,33.29168341768306,894470425_0,veh1933
20130,33.763913137892786,894470425_0,veh1933
20131,33.143170161529966,894470425_0,veh1933
20132,33.35342684754502,894470425_0,veh1933
20133,33.36381465700321,894470425_0,veh1933
20134,33.65597719513677,894470425_0,veh1933
20135,33.06132692872413,894470425_0,veh1933
20136,33.260625168735686,894470425_0,veh1933
20137,33.79436308269721,894470425_0,veh1933
20138,33.63323363334272,894470425_0,veh1933
20139,33.55324198904779,894470425_0,veh1933
20140,33.48039075763297,894470425_0,veh1933
20141,32.72209827407129,894470425_0,veh1933
20142,33.0774861286474,894470425_0,veh1933
20143,33.74949835723598,894470425_0,veh1933
20144,33.83424445796624,894470425_0,veh1933
20145,32.74555737493426,894470425_0,veh1933
20146,32.856476763224755,894470425_0,veh1933
20147,33.48018738160241,894470425_0,veh1933
20148,32.922599050480464,894470425_0,veh1933
20149,32.71422777623736,894470425_0,veh1933
20150,32.95242944749404,894470425_0,veh1933
20151,33.44656016478181,894470425_0,veh1933
20152,33.325589691087195,894470425_0,veh1933
20153,33.13118319400452,894470425_0,veh1933
20154,33.327989116179346,894470425_0,veh1933
20155,33.944218871331366,894470425_0,veh1933
20156,33.68104451448523,894470425_0,veh1933
20157,33.4954259689977,894470425_0,veh1933
20158,33.670807871509865,894470425_0,veh1933
20159,32.78686172923405,894470425_0,veh1933
20160,33.98913202163164,894470425_0,veh1933
20161,32.96118976744689,894470425_0,veh1933
20162,33.17982041410502,894470425_0,veh1933
20163,32.785881550524905,894470425_0,veh1933
20164,33.50681988562789,894470425_0,veh1933
20165,33.33930284868326,894470425_0,veh1933
20166,33.188273289737815,894470425_0,veh1933
20167,32.734442470696344,894470425_0,veh1933
20168,33.77027574592136,894470425_0,veh1933
20169,33.550911688160674,894470425_0,veh1933
20170,33.33483665665478,894470425_0,veh1933
20171,33.84506260611449,:32994499_1_0,veh1933
20172,33.74103243549686,:32994499_1_0,veh1933
20173,33.88993060021527,894470424_0,veh1933
20174,33.27643281056877,894470424_0,veh1933
20175,33.06262647854962,894470424_0,veh1933
20176,33.31387112611771,894470424_0,veh1933
20177,33.96318181455933,894470424_0,veh1933
20178,33.58717398872465,894470420_0,veh1933
20179,32.793816385379586,894470420_0,veh1933
20180,33.25598182758183,894470420_0,veh1933
20181,33.765843181622735,894470420_0,veh1933
20182,32.731866852341746,894470420_0,veh1933
20183,33.089678539204,894470420_0,veh1933
20184,32.85161288621236,894470420_0,veh1933
20185,33.05309862215869,894470420_0,veh1933
20186,33.613280394029395,894470420_0,veh1933
20187,33.7767895694669,894470420_0,veh1933
20188,33.2682370989896,894470420_0,veh1933
20189,32.9218833095241,894470420_0,veh1933
20190,33.38035293164064,894470420_0,veh1933
20191,33.784103025015035,894470420_0,veh1933
20192,33.73687808572647,894470420_0,veh1933
20193,33.30050068926864,894470420_0,veh1933
20194,33.36546921607439,894470420_0,veh1933
20195,33.194596025751494,894470420_0,veh1933
20196,33.15824928840954,894470420_0,veh1933
20197,33.518319247438164,894470418_0,veh1933
20198,32.87629822935775,894470418_0,veh1933
20199,32.727947288596596,894470418_0,veh1933
20200,33.49679896438826,894470418_0,veh1933
20201,33.91795077415515,894470418_0,veh1933
20202,33.961148866949195,894470418_0,veh1933
20203,33.3654725994296,894470418_0,veh1933
20204,33.19147402700834,894470418_0,veh1933
20205,33.96287750448898,894470418_0,veh1933
20206,33.27612653822504,894470418_0,veh1933
20207,32.93191387051117,894470418_0,veh1933
20208,33.63196756020986,8043872_0,veh1933
20209,33.207052807773984,8043872_0,veh1933
20210,33.84145169983018,8043872_0,veh1933
20211,33.76604200988874,8043872_0,veh1933
20212,32.89209467809048,8043872_0,veh1933
20213,33.09868438759219,8043872_0,veh1933
20214,32.956074068074635,8043872_0,veh1933
20215,33.426859270859104,8043872_0,veh1933
20216,33.05007860563561,8043872_0,veh1933
20217,32.7146552779093,8043872_0,veh1933
20218,33.11774683742184,8043872_0,veh1933
20219,33.94501497106027,8043872_0,veh1933
20220,32.888550667379576,8043872_0,veh1933
20221,33.04070904837787,8043872_0,veh1933
20222,33.98728713263623,8043872_0,veh1933
20223,33.847312506761924,8043872_0,veh1933
20224,32.77355901548505,8043872_0,veh1933
20225,33.142304171816036,8043872_0,veh1933
20226,33.31957084926177,8043872_0,veh1933
20227,33.79956150083669,8043872_0,veh1933
20228,32.97076858392317,8043872_0,veh1933
20229,33.10445865926665,8043872_0,veh1933
20230,33.62012710667547,8043872_0,veh1933
20231,33.0939161334965,8043872_0,veh1933
20232,33.854421567459184,8043872_0,veh1933
20233,32.858174068558554,8043872_0,veh1933
20234,33.43861888163589,8043872_0,veh1933
20235,33.55395644210145,8043872_0,veh1933
20236,33.855934446638976,8043872_0,veh1933
20237,33.39067982890044,8043872_0,veh1933
20238,33.48624910650175,8043872_0,veh1933
20239,32.95075350469776,8043872_0,veh1933
20240,32.806316184260474,8043872_0,veh1933
20241,33.300570545353516,8043872_0,veh1933
20242,32.78787413941097,8043872_0,veh1933
20243,33.47427199302107,8043872_0,veh1933
20244,33.393013272814976,8043872_0,veh1933
20245,33.42065800298803,8043872_0,veh1933
20246,33.19564707997121,8043872_0,veh1933
20247,33.84231610077765,8043872_0,veh1933
20248,33.22563752530474,8043872_0,veh1933
20249,33.281698712388575,8043872_0,veh1933
20250,33.06874181803648,8043872_0,veh1933
20251,33.44200605878938,8043872_0,veh1933
20252,33.39066848506551,8043872_0,veh1933
20253,33.986266421767475,8043872_0,veh1933
20254,33.73575059939973,8043872_0,veh1933
20255,33.35338640528131,8043872_0,veh1933
20256,33.12460834899318,8043872_0,veh1933
20257,33.420963632439786,8043872_0,veh1933
20258,33.81960672031489,8043872_0,veh1933
20259,33.6811151287831,8043872_0,veh1933
20260,32.86500577585172,8043872_0,veh1933
20261,33.471038289981486,8043872_0,veh1933
20262,33.20006355502043,8043872_0,veh1933
20263,33.86938362443686,:32994506_1_0,veh1933
20264,33.95894573336333,:32994506_1_0,veh1933
20265,33.63274272962805,314935329_0,veh1933
20266,33.51466792401258,314935329_0,veh1933
20267,32.82048253923055,314935329_0,veh1933
20268,33.58535078673955,314935329_0,veh1933
20269,33.41052215391171,314935329_0,veh1933
20270,32.81640022847202,314935329_0,veh1933
20271,33.79150066157669,314935329_0,veh1933
20272,33.036669489027524,314935329_0,veh1933
20273,32.997550095416194,314935329_0,veh1933
20274,33.30751775769383,314935329_0,veh1933
20275,32.985040652550346,314935329_0,veh1933
20276,33.14013562666584,314935329_0,veh1933
20277,33.83656875156664,314935329_0,veh1933
20278,33.3933142957823,314935329_0,veh1933
20279,32.751324727953005,314935329_0,veh1933
20280,33.98165778225154,314935329_0,veh1933
20281,32.73984662334767,314935329_0,veh1933
20282,32.98563853996672,314935329_0,veh1933
20283,32.979127564033085,314935329_0,veh1933
20284,33.07266525245138,314935329_0,veh1933
20285,32.79507791286666,314935329_0,veh1933
20286,33.103118641146985,314935329_0,veh1933
20287,32.74932642507699,314935329_0,veh1933
20288,32.701920742642656,314935329_0,veh1933
20289,33.08400937945914,314935329_0,veh1933
20290,33.591138074555026,314935329_0,veh1933
20291,33.52772979783692,314935329_0,veh1933
20292,33.25594195950177,314935329_0,veh1933
20293,33.64805577535514,314935329_0,veh1933
20294,33.88182650165033,314935329_0,veh1933
20295,33.93639186798461,906932178_0,veh1933
20296,32.89556829757854,906932178_0,veh1933
20297,33.06453465275332,906932178_0,veh1933
20298,32.80875189430878,906932178_0,veh1933
20299,32.86812379677646,906932178_0,veh1933
20300,33.391141454091816,906932178_0,veh1933
20301,33.09986364367284,906932178_0,veh1933
20302,33.48396717506327,906932178_0,veh1933
20303,33.02131734977808,906932178_0,veh1933
20304,33.669386916801855,906932178_0,veh1933
20305,32.81524803802237,906932178_0,veh1933
20306,33.209810112122035,906932178_0,veh1933
20307,33.88592780072574,906932178_0,veh1933
20308,32.727874570673855,906932178_0,veh1933
20309,33.254373645417914,906932178_0,veh1933
20310,33.040522006162035,906932178_0,veh1933
20311,33.62972853817843,906932178_0,veh1933
20312,33.21661670364771,906932178_0,veh1933
20313,33.06528723499138,906932178_0,veh1933
20314,33.74257561080955,906932178_0,veh1933
20315,33.27027854887635,906932178_0,veh1933
20316,33.827336172977056,906932178_0,veh1933
20317,33.48982421332836,906932178_0,veh1933
20318,33.113554066381006,894470408_0,veh1933
20319,33.32753941294138,894470408_0,veh1933
20320,32.83102014009707,894470408_0,veh1933
20321,33.50995566054113,894470408_0,veh1933
20322,33.927496886377746,894470408_0,veh1933
20323,33.7018448033217,894470408_0,veh1933
20324,33.69772725215513,894470408_0,veh1933
20325,33.30616306414228,894470408_0,veh1933
20326,33.125456762391664,894470408_0,veh1933
20327,33.041170798576026,894470408_0,veh1933
20328,33.88512281219807,894470408_0,veh1933
20329,33.17305085969489,894470408_0,veh1933
20330,33.95792961899057,894470408_0,veh1933
20331,33.786349882519396,894470408_0,veh1933
20332,33.29604968783312,894470408_0,veh1933
20333,32.99937013500236,894470408_0,veh1933
20334,33.99283230503421,894470408_0,veh1933
20335,32.836959898340105,894470408_0,veh1933
20336,32.85258885403961,894470408_0,veh1933
20337,33.462143285370956,894470408_0,veh1933
20338,33.71699203498062,894470408_0,veh1933
20339,33.83238266460464,894470408_0,veh1933
20340,33.14361575044092,894470408_0,veh1933
20341,32.93730234979518,894470408_0,veh1933
20342,32.76119874716603,894470408_0,veh1933
20343,33.25938419774972,894470408_0,veh1933
20344,33.673932052271965,894470408_0,veh1933
20345,33.86848050831683,894470408_0,veh1933
20346,33.04681516914494,894470408_0,veh1933
20347,32.974162923389635,894470408_0,veh1933
20348,33.56822291871865,894470408_0,veh1933
20349,33.1286583056986,894470408_0,veh1933
20350,33.25868943795428,894470408_0,veh1933
20351,33.30920464569569,9719777_0,veh1933
20352,33.307080311173166,9719777_0,veh1933
20353,33.38631537513208,9719777_0,veh1933
20354,33.80047975004051,9719777_0,veh1933
20355,33.842840134919214,9719777_0,veh1933
20356,33.28949970706232,9719777_0,veh1933
20357,32.783097031930055,9719777_0,veh1933
20358,33.86744509689376,9719777_0,veh1933
20359,32.985641101848856,9719777_0,veh1933
20360,33.721162085662186,9719777_0,veh1933
20361,33.30718621854536,9719777_0,veh1933
20362,33.36950182014477,9719777_0,veh1933
20363,30.026884087130178,9719777_0,veh1933
20364,25.526884087130178,9719777_0,veh1933
20365,21.851315601530246,9719777_0,veh1933
20366,17.351315601530246,9719777_0,veh1933
20367,12.851315601530246,9719777_0,veh1933
20368,8.351315601530246,9719777_0,veh1933
20369,6.093330320641808,:76812860_0_0,veh1933
20370,5.961029524561427,:76812860_0_0,veh1933
20371,5.314242553054765,-9719775#0_0,veh1933
20372,6.869898300683535,-9719775#0_0,veh1933
20373,8.90630849732127,-9719775#0_0,veh1933
20374,10.341318389932102,-9719775#0_0,veh1933
20375,12.130570128299704,-9719775#0_0,veh1933
20376,13.926107224747946,-9719775#0_0,veh1933
20377,16.059258191027155,-9719775#0_0,veh1933
20378,18.50917940483935,-9719775#0_0,veh1933
20379,20.550029744526483,-9719775#0_0,veh1933
20380,19.8910323415111,-9719775#0_0,veh1933
20381,20.342928327216878,-9719775#0_0,veh1933
20382,20.197209415742382,29378201_0,veh1933
20383,15.697209415742382,29378201_0,veh1933
20384,11.197209415742382,140687002_0,veh1933
20385,6.697209415742382,140687002_0,veh1933
20386,6.3011877724321925,:277456102_0_0,veh1933
20387,5.60839093654681,935095065#2_0,veh1933
20388,7.263925227022581,:6285219099_1_0,veh1933
20389,9.682356628252045,:277456096_1_0,veh1933
20390,12.08580042965509,935095065#4_0,veh1933
20391,13.96667794323325,:287099761_1_0,veh1933
20392,15.40941620430708,935095067_0,veh1933
20393,14.670284855828621,935095068_0,veh1933
20394,10.170284855828621,25461858#0_0,veh1933
20395,6.1897964757373565,:277456099_0_0,veh1933
20396,6.37358946650941,:277456099_0_0,veh1933
20397,6.473593022787944,26219806_0,veh1933
20398,8.5610668091774,26219806_0,veh1933
20399,9.984434304080903,139162760_0,veh1933
20400,12.36785765762627,139162760_0,veh1933
20401,13.723364100672304,139162760_0,veh1933
20402,15.571227890413255,139162760_0,veh1933
20403,16.885817089720632,139162760_0,veh1933
20404,19.410827562373136,-1191357542_0,veh1933
20405,20.477866978074537,-1191357542_0,veh1933
20406,19.29513680981409,-1191357542_0,veh1933
20407,15.35591054172192,-433053556_0,veh1933
20408,15.265795120130594,-433053556_0,veh1933
20409,15.090459969546014,-433053556_0,veh1933
20410,14.702829276420477,-433053556_0,veh1933
20411,14.845490097463431,-433053556_0,veh1933
20412,15.268767277825924,-433053556_0,veh1933
20413,15.247340902708771,-433053556_0,veh1933
20414,14.807576941418763,-433053546_0,veh1933
20415,15.6126361154712,-433053546_0,veh1933
20416,14.877209316239993,-433053546_0,veh1933
20417,14.424801475623923,-100958644_0,veh1933
20418,15.3118339328089,-100958644_0,veh1933
20419,15.370589799177202,-100958644_0,veh1933
20420,14.692028104373554,-100958644_0,veh1933
20421,15.456313462857457,-100958644_0,veh1933
20422,15.369278018664868,-100958644_0,veh1933
20423,14.993853499553467,-100958644_0,veh1933
20424,15.498779369191567,-100958644_0,veh1933
20425,14.873531424486378,-100958644_0,veh1933
20426,14.845621595205108,-100958644_0,veh1933
20427,15.057298986217308,-100958644_0,veh1933
20428,14.558450060523416,-100958644_0,veh1933
20429,15.543403302854227,-100958644_0,veh1933
20430,15.24766629806191,-100958644_0,veh1933
